date,road_name,rainfall_mm,UR,Î´,lat,lng,elevation,Cw,Ci,AF,mean_rain,max_rain,min_rain,std_rain,skewness,S,waterlogging_occurrence,waterlogging_duration,pred_occurrence,pred_duration
2026-01-01,Satmasjid Road,15.169156274579528,0.0,1.0,23.738,90.385,5,1.2,0.5,2.2,5.5,13.723484560940232,0.0,8.223484560940232,1.7320508075688774,dry,,,0,0.0
2026-01-01,Dhanmondi 27 Road,0.0,0.0,1.0,23.757,90.375,6,1.1,0.8,1.8,5.5,13.723484560940232,0.0,8.223484560940232,1.7320508075688774,dry,,,0,0.0
2026-01-01,Dhanmondi 2 Road,13.0408723247368,0.0,1.0,23.746,90.395,7,1.0,1.0,1.5,5.5,13.723484560940232,0.0,8.223484560940232,1.7320508075688774,dry,,,0,0.0
2026-01-01,Dhanmondi 15 Road,0.7887820521192452,0.0,1.0,23.7455,90.3825,6,1.2,0.7,2.0,5.5,13.723484560940232,0.0,8.223484560940232,1.7320508075688774,dry,,,0,0.0
2026-01-01,Dhanmondi 32 Road,0.0,0.0,1.0,23.751,90.381,5,1.1,0.6,2.0,5.5,13.723484560940232,0.0,8.223484560940232,1.7320508075688774,dry,,,0,0.0
2026-01-01,Dhanmondi 9/A Road,8.431540757410307,0.0,1.0,23.7425,90.379,4,1.3,0.5,2.3,5.5,13.723484560940232,0.0,8.223484560940232,1.7320508075688774,dry,,,0,0.0
2026-01-01,Dhanmondi 4 Road,9.455296416041996,0.0,1.0,23.74,90.3765,5,1.0,0.8,1.7,5.5,13.723484560940232,0.0,8.223484560940232,1.7320508075688774,dry,,,0,0.0
2026-01-01,Dhanmondi 12/A Road,9.984948855505516,0.0,1.0,23.744,90.388,6,1.2,0.7,2.0,5.5,13.723484560940232,0.0,8.223484560940232,1.7320508075688774,dry,,,0,0.0
2026-01-01,Dhanmondi 8 Road,9.58474230312432,0.0,1.0,23.7415,90.383,5,1.1,0.9,1.7000000000000002,5.5,13.723484560940232,0.0,8.223484560940232,1.7320508075688774,dry,,,0,0.0
2026-01-01,Dhanmondi 16 Road,2.1910791571904804,0.0,1.0,23.7465,90.3865,6,1.2,0.6,2.1,5.5,13.723484560940232,0.0,8.223484560940232,1.7320508075688774,dry,,,0,0.0
2026-01-01,Dhanmondi 19 Road,3.258229009749773,0.0,1.0,23.748,90.389,6,1.1,0.7,1.9,5.5,13.723484560940232,0.0,8.223484560940232,1.7320508075688774,dry,,,0,0.0
2026-01-01,Dhanmondi 24 Road,15.260961731724684,0.0,1.0,23.75,90.392,5,1.0,0.8,1.7,5.5,13.723484560940232,0.0,8.223484560940232,1.7320508075688774,dry,,,0,0.0
2026-01-01,Dhanmondi 6 Road,15.057248067818744,0.0,1.0,23.741,90.381,4,1.2,0.6,2.1,5.5,13.723484560940232,0.0,8.223484560940232,1.7320508075688774,dry,,,0,0.0
2026-01-01,Dhanmondi 10 Road,0.0,0.0,1.0,23.743,90.384,5,1.1,0.7,1.9,5.5,13.723484560940232,0.0,8.223484560940232,1.7320508075688774,dry,,,0,0.0
2026-01-01,Dhanmondi 20 Road,7.390772389071992,0.0,1.0,23.749,90.3875,6,1.2,0.5,2.2,5.5,13.723484560940232,0.0,8.223484560940232,1.7320508075688774,dry,,,0,0.0
2026-01-01,Dhanmondi 21 Road,0.0,0.0,1.0,23.7505,90.3885,6,1.0,0.9,1.6,5.5,13.723484560940232,0.0,8.223484560940232,1.7320508075688774,dry,,,0,0.0
2026-01-01,Dhanmondi 25 Road,11.227322962229584,0.0,1.0,23.752,90.39,5,1.1,0.7,1.9,5.5,13.723484560940232,0.0,8.223484560940232,1.7320508075688774,dry,,,0,0.0
2026-01-01,Dhanmondi 26 Road,12.74919559053374,0.0,1.0,23.753,90.391,5,1.2,0.6,2.1,5.5,13.723484560940232,0.0,8.223484560940232,1.7320508075688774,dry,,,0,0.0
2026-01-01,Dhanmondi 28 Road,10.428401228697496,0.0,1.0,23.754,90.392,6,1.0,0.8,1.7,5.5,13.723484560940232,0.0,8.223484560940232,1.7320508075688774,dry,,,0,0.0
2026-01-01,Dhanmondi 29 Road,8.693804211526142,0.0,1.0,23.755,90.393,6,1.1,0.7,1.9,5.5,13.723484560940232,0.0,8.223484560940232,1.7320508075688774,dry,,,0,0.0
2026-01-01,Dhanmondi 30 Road,5.436718465308216,0.0,1.0,23.756,90.394,5,1.2,0.6,2.1,5.5,13.723484560940232,0.0,8.223484560940232,1.7320508075688774,dry,,,0,0.0
2026-01-01,Dhanmondi 31 Road,4.933177696687728,0.0,1.0,23.757,90.395,6,1.0,0.9,1.6,5.5,13.723484560940232,0.0,8.223484560940232,1.7320508075688774,dry,,,0,0.0
2026-01-01,Dhanmondi 33 Road,24.011103603617304,0.0,1.0,23.758,90.396,5,1.1,0.7,1.9,5.5,13.723484560940232,0.0,8.223484560940232,1.7320508075688774,dry,,,0,0.0
2026-01-01,Dhanmondi 34 Road,0.0,0.0,1.0,23.759,90.397,6,1.2,0.6,2.1,5.5,13.723484560940232,0.0,8.223484560940232,1.7320508075688774,dry,,,0,0.0
2026-01-01,Dhanmondi 35 Road,15.115335683730382,0.0,1.0,23.76,90.398,5,1.0,0.8,1.7,5.5,13.723484560940232,0.0,8.223484560940232,1.7320508075688774,dry,,,0,0.0
2026-01-01,Jigatola Road,6.648308377412539,0.0,1.0,23.7375,90.3675,4,1.3,0.5,2.3,5.5,13.723484560940232,0.0,8.223484560940232,1.7320508075688774,dry,,,0,0.0
2026-01-01,Shankar Road,4.875570259732277,0.0,1.0,23.747,90.3695,6,1.2,0.7,2.0,5.5,13.723484560940232,0.0,8.223484560940232,1.7320508075688774,dry,,,0,0.0
2026-01-01,Kalabagan Road,6.620149826699384,0.0,1.0,23.7465,90.395,5,1.1,0.8,1.8,5.5,13.723484560940232,0.0,8.223484560940232,1.7320508075688774,dry,,,0,0.0
2026-01-01,Science Lab Road,0.0,0.0,1.0,23.7405,90.391,5,1.2,0.6,2.1,5.5,13.723484560940232,0.0,8.223484560940232,1.7320508075688774,dry,,,0,0.0
2026-01-01,Rabindra Sarobar Road,2.2537903557829284,0.0,1.0,23.742,90.382,6,1.0,0.9,1.6,5.5,13.723484560940232,0.0,8.223484560940232,1.7320508075688774,dry,,,0,0.0
2026-02-01,Satmasjid Road,4.75942075712431,0.0,1.0,23.738,90.385,5,1.2,0.5,2.2,7.833333333333333,15.566668272009084,0.0999983946575824,7.733334938675751,1.7320508075688774,dry,,,0,0.0
2026-02-01,Dhanmondi 27 Road,20.29551410313436,0.0,1.0,23.757,90.375,6,1.1,0.8,1.8,7.833333333333333,15.566668272009084,0.0999983946575824,7.733334938675751,1.7320508075688774,dry,,,0,0.0
2026-02-01,Dhanmondi 2 Road,7.9747896762670365,0.0,1.0,23.746,90.395,7,1.0,1.0,1.5,7.833333333333333,15.566668272009084,0.0999983946575824,7.733334938675751,1.7320508075688774,dry,,,0,0.0
2026-02-01,Dhanmondi 15 Road,15.216905074243538,0.0,1.0,23.7455,90.3825,6,1.2,0.7,2.0,7.833333333333333,15.566668272009084,0.0999983946575824,7.733334938675751,1.7320508075688774,dry,,,0,0.0
2026-02-01,Dhanmondi 32 Road,27.929432951493293,0.0,1.0,23.751,90.381,5,1.1,0.6,2.0,7.833333333333333,15.566668272009084,0.0999983946575824,7.733334938675751,1.7320508075688774,dry,,,0,0.0
2026-02-01,Dhanmondi 9/A Road,0.462751886100305,0.0,1.0,23.7425,90.379,4,1.3,0.5,2.3,7.833333333333333,15.566668272009084,0.0999983946575824,7.733334938675751,1.7320508075688774,dry,,,0,0.0
2026-02-01,Dhanmondi 4 Road,0.0,0.0,1.0,23.74,90.3765,5,1.0,0.8,1.7,7.833333333333333,15.566668272009084,0.0999983946575824,7.733334938675751,1.7320508075688774,dry,,,0,0.0
2026-02-01,Dhanmondi 12/A Road,2.730219423657545,0.0,1.0,23.744,90.388,6,1.2,0.7,2.0,7.833333333333333,15.566668272009084,0.0999983946575824,7.733334938675751,1.7320508075688774,dry,,,0,0.0
2026-02-01,Dhanmondi 8 Road,1.40576651489767,0.0,1.0,23.7415,90.383,5,1.1,0.9,1.7000000000000002,7.833333333333333,15.566668272009084,0.0999983946575824,7.733334938675751,1.7320508075688774,dry,,,0,0.0
2026-02-01,Dhanmondi 16 Road,10.52122776418307,0.0,1.0,23.7465,90.3865,6,1.2,0.6,2.1,7.833333333333333,15.566668272009084,0.0999983946575824,7.733334938675751,1.7320508075688774,dry,,,0,0.0
2026-02-01,Dhanmondi 19 Road,8.586410310324027,0.0,1.0,23.748,90.389,6,1.1,0.7,1.9,7.833333333333333,15.566668272009084,0.0999983946575824,7.733334938675751,1.7320508075688774,dry,,,0,0.0
2026-02-01,Dhanmondi 24 Road,4.36637050738517,0.0,1.0,23.75,90.392,5,1.0,0.8,1.7,7.833333333333333,15.566668272009084,0.0999983946575824,7.733334938675751,1.7320508075688774,dry,,,0,0.0
2026-02-01,Dhanmondi 6 Road,17.110720434975754,0.0,1.0,23.741,90.381,4,1.2,0.6,2.1,7.833333333333333,15.566668272009084,0.0999983946575824,7.733334938675751,1.7320508075688774,dry,,,0,0.0
2026-02-01,Dhanmondi 10 Road,17.84072988320996,0.0,1.0,23.743,90.384,5,1.1,0.7,1.9,7.833333333333333,15.566668272009084,0.0999983946575824,7.733334938675751,1.7320508075688774,dry,,,0,0.0
2026-02-01,Dhanmondi 20 Road,0.0,0.0,1.0,23.749,90.3875,6,1.2,0.5,2.2,7.833333333333333,15.566668272009084,0.0999983946575824,7.733334938675751,1.7320508075688774,dry,,,0,0.0
2026-02-01,Dhanmondi 21 Road,0.0,0.0,1.0,23.7505,90.3885,6,1.0,0.9,1.6,7.833333333333333,15.566668272009084,0.0999983946575824,7.733334938675751,1.7320508075688774,dry,,,0,0.0
2026-02-01,Dhanmondi 25 Road,6.77586480046137,0.0,1.0,23.752,90.39,5,1.1,0.7,1.9,7.833333333333333,15.566668272009084,0.0999983946575824,7.733334938675751,1.7320508075688774,dry,,,0,0.0
2026-02-01,Dhanmondi 26 Road,7.492354030437736,0.0,1.0,23.753,90.391,5,1.2,0.6,2.1,7.833333333333333,15.566668272009084,0.0999983946575824,7.733334938675751,1.7320508075688774,dry,,,0,0.0
2026-02-01,Dhanmondi 28 Road,12.97802605159536,0.0,1.0,23.754,90.392,6,1.0,0.8,1.7,7.833333333333333,15.566668272009084,0.0999983946575824,7.733334938675751,1.7320508075688774,dry,,,0,0.0
2026-02-01,Dhanmondi 29 Road,0.759936582957021,0.0,1.0,23.755,90.393,6,1.1,0.7,1.9,7.833333333333333,15.566668272009084,0.0999983946575824,7.733334938675751,1.7320508075688774,dry,,,0,0.0
2026-02-01,Dhanmondi 30 Road,16.599975950992686,0.0,1.0,23.756,90.394,5,1.2,0.6,2.1,7.833333333333333,15.566668272009084,0.0999983946575824,7.733334938675751,1.7320508075688774,dry,,,0,0.0
2026-02-01,Dhanmondi 31 Road,0.0931867881118169,0.0,1.0,23.757,90.395,6,1.0,0.9,1.6,7.833333333333333,15.566668272009084,0.0999983946575824,7.733334938675751,1.7320508075688774,dry,,,0,0.0
2026-02-01,Dhanmondi 33 Road,14.436897770793372,0.0,1.0,23.758,90.396,5,1.1,0.7,1.9,7.833333333333333,15.566668272009084,0.0999983946575824,7.733334938675751,1.7320508075688774,dry,,,0,0.0
2026-02-01,Dhanmondi 34 Road,16.473728997097098,0.0,1.0,23.759,90.397,6,1.2,0.6,2.1,7.833333333333333,15.566668272009084,0.0999983946575824,7.733334938675751,1.7320508075688774,dry,,,0,0.0
2026-02-01,Dhanmondi 35 Road,2.225896141602472,0.0,1.0,23.76,90.398,5,1.0,0.8,1.7,7.833333333333333,15.566668272009084,0.0999983946575824,7.733334938675751,1.7320508075688774,dry,,,0,0.0
2026-02-01,Jigatola Road,0.0,0.0,1.0,23.7375,90.3675,4,1.3,0.5,2.3,7.833333333333333,15.566668272009084,0.0999983946575824,7.733334938675751,1.7320508075688774,dry,,,0,0.0
2026-02-01,Shankar Road,11.526010655604818,0.0,1.0,23.747,90.3695,6,1.2,0.7,2.0,7.833333333333333,15.566668272009084,0.0999983946575824,7.733334938675751,1.7320508075688774,dry,,,0,0.0
2026-02-01,Kalabagan Road,22.96042964602946,0.0,1.0,23.7465,90.395,5,1.1,0.8,1.8,7.833333333333333,15.566668272009084,0.0999983946575824,7.733334938675751,1.7320508075688774,dry,,,0,0.0
2026-02-01,Science Lab Road,14.666473545691549,0.0,1.0,23.7405,90.391,5,1.2,0.6,2.1,7.833333333333333,15.566668272009084,0.0999983946575824,7.733334938675751,1.7320508075688774,dry,,,0,0.0
2026-02-01,Rabindra Sarobar Road,31.37655365746003,0.0,1.0,23.742,90.382,6,1.0,0.9,1.6,7.833333333333333,15.566668272009084,0.0999983946575824,7.733334938675751,1.7320508075688774,dry,,,0,0.0
2026-03-01,Satmasjid Road,3.2290051301395337,0.0,1.0,23.738,90.385,5,1.2,0.5,2.2,34.5,68.34692785378999,0.6530721462100075,33.84692785378999,1.7320508075688774,dry,,,0,0.0
2026-03-01,Dhanmondi 27 Road,26.673924093648957,0.0,1.0,23.757,90.375,6,1.1,0.8,1.8,34.5,68.34692785378999,0.6530721462100075,33.84692785378999,1.7320508075688774,dry,,,0,0.0
2026-03-01,Dhanmondi 2 Road,42.39996176171707,0.0,1.0,23.746,90.395,7,1.0,1.0,1.5,34.5,68.34692785378999,0.6530721462100075,33.84692785378999,1.7320508075688774,dry,,,0,0.0
2026-03-01,Dhanmondi 15 Road,61.27361589769798,0.0,1.0,23.7455,90.3825,6,1.2,0.7,2.0,34.5,68.34692785378999,0.6530721462100075,33.84692785378999,1.7320508075688774,dry,,,0,0.0
2026-03-01,Dhanmondi 32 Road,51.01772043108872,0.0,1.0,23.751,90.381,5,1.1,0.6,2.0,34.5,68.34692785378999,0.6530721462100075,33.84692785378999,1.7320508075688774,dry,,,0,0.0
2026-03-01,Dhanmondi 9/A Road,39.42231770955885,0.0,1.0,23.7425,90.379,4,1.3,0.5,2.3,34.5,68.34692785378999,0.6530721462100075,33.84692785378999,1.7320508075688774,dry,,,0,0.0
2026-03-01,Dhanmondi 4 Road,0.0,0.0,1.0,23.74,90.3765,5,1.0,0.8,1.7,34.5,68.34692785378999,0.6530721462100075,33.84692785378999,1.7320508075688774,dry,,,0,0.0
2026-03-01,Dhanmondi 12/A Road,63.63092681789168,0.0,1.0,23.744,90.388,6,1.2,0.7,2.0,34.5,68.34692785378999,0.6530721462100075,33.84692785378999,1.7320508075688774,dry,,,0,0.0
2026-03-01,Dhanmondi 8 Road,41.01233047220332,0.0,1.0,23.7415,90.383,5,1.1,0.9,1.7000000000000002,34.5,68.34692785378999,0.6530721462100075,33.84692785378999,1.7320508075688774,dry,,,0,0.0
2026-03-01,Dhanmondi 16 Road,43.91831348442457,0.0,1.0,23.7465,90.3865,6,1.2,0.6,2.1,34.5,68.34692785378999,0.6530721462100075,33.84692785378999,1.7320508075688774,dry,,,0,0.0
2026-03-01,Dhanmondi 19 Road,42.25142051140165,0.0,1.0,23.748,90.389,6,1.1,0.7,1.9,34.5,68.34692785378999,0.6530721462100075,33.84692785378999,1.7320508075688774,dry,,,0,0.0
2026-03-01,Dhanmondi 24 Road,29.998855277658368,0.0,1.0,23.75,90.392,5,1.0,0.8,1.7,34.5,68.34692785378999,0.6530721462100075,33.84692785378999,1.7320508075688774,dry,,,0,0.0
2026-03-01,Dhanmondi 6 Road,0.0,0.0,1.0,23.741,90.381,4,1.2,0.6,2.1,34.5,68.34692785378999,0.6530721462100075,33.84692785378999,1.7320508075688774,dry,,,0,0.0
2026-03-01,Dhanmondi 10 Road,9.49725814630068,0.0,1.0,23.743,90.384,5,1.1,0.7,1.9,34.5,68.34692785378999,0.6530721462100075,33.84692785378999,1.7320508075688774,dry,,,0,0.0
2026-03-01,Dhanmondi 20 Road,32.29097980891414,0.0,1.0,23.749,90.3875,6,1.2,0.5,2.2,34.5,68.34692785378999,0.6530721462100075,33.84692785378999,1.7320508075688774,dry,,,0,0.0
2026-03-01,Dhanmondi 21 Road,0.0,0.0,1.0,23.7505,90.3885,6,1.0,0.9,1.6,34.5,68.34692785378999,0.6530721462100075,33.84692785378999,1.7320508075688774,dry,,,0,0.0
2026-03-01,Dhanmondi 25 Road,26.9534114101978,0.0,1.0,23.752,90.39,5,1.1,0.7,1.9,34.5,68.34692785378999,0.6530721462100075,33.84692785378999,1.7320508075688774,dry,,,0,0.0
2026-03-01,Dhanmondi 26 Road,46.01938132027125,0.0,1.0,23.753,90.391,5,1.2,0.6,2.1,34.5,68.34692785378999,0.6530721462100075,33.84692785378999,1.7320508075688774,dry,,,0,0.0
2026-03-01,Dhanmondi 28 Road,55.923950746102406,0.0,1.0,23.754,90.392,6,1.0,0.8,1.7,34.5,68.34692785378999,0.6530721462100075,33.84692785378999,1.7320508075688774,dry,,,0,0.0
2026-03-01,Dhanmondi 29 Road,42.69264986362542,0.0,1.0,23.755,90.393,6,1.1,0.7,1.9,34.5,68.34692785378999,0.6530721462100075,33.84692785378999,1.7320508075688774,dry,,,0,0.0
2026-03-01,Dhanmondi 30 Road,75.31479497443308,0.0,1.0,23.756,90.394,5,1.2,0.6,2.1,34.5,68.34692785378999,0.6530721462100075,33.84692785378999,1.7320508075688774,dry,,,0,0.0
2026-03-01,Dhanmondi 31 Road,51.2322086153232,0.0,1.0,23.757,90.395,6,1.0,0.9,1.6,34.5,68.34692785378999,0.6530721462100075,33.84692785378999,1.7320508075688774,dry,,,0,0.0
2026-03-01,Dhanmondi 33 Road,0.0,0.0,1.0,23.758,90.396,5,1.1,0.7,1.9,34.5,68.34692785378999,0.6530721462100075,33.84692785378999,1.7320508075688774,dry,,,0,0.0
2026-03-01,Dhanmondi 34 Road,47.01436052401034,0.0,1.0,23.759,90.397,6,1.2,0.6,2.1,34.5,68.34692785378999,0.6530721462100075,33.84692785378999,1.7320508075688774,dry,,,0,0.0
2026-03-01,Dhanmondi 35 Road,9.33626789374436,0.0,1.0,23.76,90.398,5,1.0,0.8,1.7,34.5,68.34692785378999,0.6530721462100075,33.84692785378999,1.7320508075688774,dry,,,0,0.0
2026-03-01,Jigatola Road,13.003983198392415,0.0,1.0,23.7375,90.3675,4,1.3,0.5,2.3,34.5,68.34692785378999,0.6530721462100075,33.84692785378999,1.7320508075688774,dry,,,0,0.0
2026-03-01,Shankar Road,47.18004563223511,0.0,1.0,23.747,90.3695,6,1.2,0.7,2.0,34.5,68.34692785378999,0.6530721462100075,33.84692785378999,1.7320508075688774,dry,,,0,0.0
2026-03-01,Kalabagan Road,6.264784542213974,0.0,1.0,23.7465,90.395,5,1.1,0.8,1.8,34.5,68.34692785378999,0.6530721462100075,33.84692785378999,1.7320508075688774,dry,,,0,0.0
2026-03-01,Science Lab Road,23.50697770015253,0.0,1.0,23.7405,90.391,5,1.2,0.6,2.1,34.5,68.34692785378999,0.6530721462100075,33.84692785378999,1.7320508075688774,dry,,,0,0.0
2026-03-01,Rabindra Sarobar Road,0.0,0.0,1.0,23.742,90.382,6,1.0,0.9,1.6,34.5,68.34692785378999,0.6530721462100075,33.84692785378999,1.7320508075688774,dry,,,0,0.0
2026-04-01,Satmasjid Road,65.40247636552317,0.0,1.0,23.738,90.385,5,1.2,0.5,2.2,65.66666666666667,104.7483030407488,26.585030292584555,39.08163637408212,1.7320508075688774,dry,,,0,0.0
2026-04-01,Dhanmondi 27 Road,98.88947874691404,0.0,1.0,23.757,90.375,6,1.1,0.8,1.8,65.66666666666667,104.7483030407488,26.585030292584555,39.08163637408212,1.7320508075688774,dry,,,0,0.0
2026-04-01,Dhanmondi 2 Road,53.40075409847351,0.0,1.0,23.746,90.395,7,1.0,1.0,1.5,65.66666666666667,104.7483030407488,26.585030292584555,39.08163637408212,1.7320508075688774,dry,,,0,0.0
2026-04-01,Dhanmondi 15 Road,22.88983584249132,0.0,1.0,23.7455,90.3825,6,1.2,0.7,2.0,65.66666666666667,104.7483030407488,26.585030292584555,39.08163637408212,1.7320508075688774,dry,,,0,0.0
2026-04-01,Dhanmondi 32 Road,114.89549747031214,0.0,1.0,23.751,90.381,5,1.1,0.6,2.0,65.66666666666667,104.7483030407488,26.585030292584555,39.08163637408212,1.7320508075688774,dry,,,1,359.2970000000007
2026-04-01,Dhanmondi 9/A Road,65.47558515355546,0.0,1.0,23.7425,90.379,4,1.3,0.5,2.3,65.66666666666667,104.7483030407488,26.585030292584555,39.08163637408212,1.7320508075688774,dry,,,0,0.0
2026-04-01,Dhanmondi 4 Road,66.67269653047131,0.0,1.0,23.74,90.3765,5,1.0,0.8,1.7,65.66666666666667,104.7483030407488,26.585030292584555,39.08163637408212,1.7320508075688774,dry,,,0,0.0
2026-04-01,Dhanmondi 12/A Road,0.0,0.0,1.0,23.744,90.388,6,1.2,0.7,2.0,65.66666666666667,104.7483030407488,26.585030292584555,39.08163637408212,1.7320508075688774,dry,,,0,0.0
2026-04-01,Dhanmondi 8 Road,180.7733130196586,0.0,1.0,23.7415,90.383,5,1.1,0.9,1.7000000000000002,65.66666666666667,104.7483030407488,26.585030292584555,39.08163637408212,1.7320508075688774,dry,,,0,0.0
2026-04-01,Dhanmondi 16 Road,156.9323162726737,0.0,1.0,23.7465,90.3865,6,1.2,0.6,2.1,65.66666666666667,104.7483030407488,26.585030292584555,39.08163637408212,1.7320508075688774,dry,,,1,507.7845
2026-04-01,Dhanmondi 19 Road,109.34581880518652,0.0,1.0,23.748,90.389,6,1.1,0.7,1.9,65.66666666666667,104.7483030407488,26.585030292584555,39.08163637408212,1.7320508075688774,dry,,,1,292.2034999999994
2026-04-01,Dhanmondi 24 Road,57.18642820966318,0.0,1.0,23.75,90.392,5,1.0,0.8,1.7,65.66666666666667,104.7483030407488,26.585030292584555,39.08163637408212,1.7320508075688774,dry,,,0,0.0
2026-04-01,Dhanmondi 6 Road,39.669400738923,0.0,1.0,23.741,90.381,4,1.2,0.6,2.1,65.66666666666667,104.7483030407488,26.585030292584555,39.08163637408212,1.7320508075688774,dry,,,0,0.0
2026-04-01,Dhanmondi 10 Road,19.339134480269948,0.0,1.0,23.743,90.384,5,1.1,0.7,1.9,65.66666666666667,104.7483030407488,26.585030292584555,39.08163637408212,1.7320508075688774,dry,,,0,0.0
2026-04-01,Dhanmondi 20 Road,60.17231117617925,0.0,1.0,23.749,90.3875,6,1.2,0.5,2.2,65.66666666666667,104.7483030407488,26.585030292584555,39.08163637408212,1.7320508075688774,dry,,,0,0.0
2026-04-01,Dhanmondi 21 Road,62.43834270509563,0.0,1.0,23.7505,90.3885,6,1.0,0.9,1.6,65.66666666666667,104.7483030407488,26.585030292584555,39.08163637408212,1.7320508075688774,dry,,,0,0.0
2026-04-01,Dhanmondi 25 Road,95.83736931381289,0.0,1.0,23.752,90.39,5,1.1,0.7,1.9,65.66666666666667,104.7483030407488,26.585030292584555,39.08163637408212,1.7320508075688774,dry,,,0,0.0
2026-04-01,Dhanmondi 26 Road,43.9073219310572,0.0,1.0,23.753,90.391,5,1.2,0.6,2.1,65.66666666666667,104.7483030407488,26.585030292584555,39.08163637408212,1.7320508075688774,dry,,,0,0.0
2026-04-01,Dhanmondi 28 Road,53.59733611461292,0.0,1.0,23.754,90.392,6,1.0,0.8,1.7,65.66666666666667,104.7483030407488,26.585030292584555,39.08163637408212,1.7320508075688774,dry,,,0,0.0
2026-04-01,Dhanmondi 29 Road,44.17664469001052,0.0,1.0,23.755,90.393,6,1.1,0.7,1.9,65.66666666666667,104.7483030407488,26.585030292584555,39.08163637408212,1.7320508075688774,dry,,,0,0.0
2026-04-01,Dhanmondi 30 Road,129.47480345926022,0.0,1.0,23.756,90.394,5,1.2,0.6,2.1,65.66666666666667,104.7483030407488,26.585030292584555,39.08163637408212,1.7320508075688774,dry,,,1,389.54650000000004
2026-04-01,Dhanmondi 31 Road,63.08545042433992,0.0,1.0,23.757,90.395,6,1.0,0.9,1.6,65.66666666666667,104.7483030407488,26.585030292584555,39.08163637408212,1.7320508075688774,dry,,,0,0.0
2026-04-01,Dhanmondi 33 Road,65.98636410946426,0.0,1.0,23.758,90.396,5,1.1,0.7,1.9,65.66666666666667,104.7483030407488,26.585030292584555,39.08163637408212,1.7320508075688774,dry,,,0,0.0
2026-04-01,Dhanmondi 34 Road,107.48765058480956,0.0,1.0,23.759,90.397,6,1.2,0.6,2.1,65.66666666666667,104.7483030407488,26.585030292584555,39.08163637408212,1.7320508075688774,dry,,,1,374.08
2026-04-01,Dhanmondi 35 Road,123.66712906918508,0.0,1.0,23.76,90.398,5,1.0,0.8,1.7,65.66666666666667,104.7483030407488,26.585030292584555,39.08163637408212,1.7320508075688774,dry,,,0,0.0
2026-04-01,Jigatola Road,64.63601567111257,0.0,1.0,23.7375,90.3675,4,1.3,0.5,2.3,65.66666666666667,104.7483030407488,26.585030292584555,39.08163637408212,1.7320508075688774,dry,,,0,0.0
2026-04-01,Shankar Road,91.99082868864228,0.0,1.0,23.747,90.3695,6,1.2,0.7,2.0,65.66666666666667,104.7483030407488,26.585030292584555,39.08163637408212,1.7320508075688774,dry,,,0,0.0
2026-04-01,Kalabagan Road,52.02917616118173,0.0,1.0,23.7465,90.395,5,1.1,0.8,1.8,65.66666666666667,104.7483030407488,26.585030292584555,39.08163637408212,1.7320508075688774,dry,,,0,0.0
2026-04-01,Science Lab Road,135.03906397704958,0.0,1.0,23.7405,90.391,5,1.2,0.6,2.1,65.66666666666667,104.7483030407488,26.585030292584555,39.08163637408212,1.7320508075688774,dry,,,1,461.6675
2026-04-01,Rabindra Sarobar Road,86.39192579613182,0.0,1.0,23.742,90.382,6,1.0,0.9,1.6,65.66666666666667,104.7483030407488,26.585030292584555,39.08163637408212,1.7320508075688774,dry,,,0,0.0
2026-05-01,Satmasjid Road,386.0354746176027,0.0,1.0,23.738,90.385,5,1.2,0.5,2.2,277.8333333333333,371.8541618827421,183.8125047839245,94.0208285494088,1.7320508075688774,dry,,,1,1724.943
2026-05-01,Dhanmondi 27 Road,143.3531891055366,0.0,1.0,23.757,90.375,6,1.1,0.8,1.8,277.8333333333333,371.8541618827421,183.8125047839245,94.0208285494088,1.7320508075688774,dry,,,1,314.0319999999993
2026-05-01,Dhanmondi 2 Road,274.7974011872539,0.0,1.0,23.746,90.395,7,1.0,1.0,1.5,277.8333333333333,371.8541618827421,183.8125047839245,94.0208285494088,1.7320508075688774,dry,,,1,413.53049999999996
2026-05-01,Dhanmondi 15 Road,280.6905227092256,0.0,1.0,23.7455,90.3825,6,1.2,0.7,2.0,277.8333333333333,371.8541618827421,183.8125047839245,94.0208285494088,1.7320508075688774,dry,,,1,807.6164999999994
2026-05-01,Dhanmondi 32 Road,493.3538546452471,0.0,1.0,23.751,90.381,5,1.1,0.6,2.0,277.8333333333333,371.8541618827421,183.8125047839245,94.0208285494088,1.7320508075688774,dry,,,1,1692.5079999999998
2026-05-01,Dhanmondi 9/A Road,382.06442527608215,0.0,1.0,23.7425,90.379,4,1.3,0.5,2.3,277.8333333333333,371.8541618827421,183.8125047839245,94.0208285494088,1.7320508075688774,dry,,,1,1780.5890000000006
2026-05-01,Dhanmondi 4 Road,320.0578626251436,0.0,1.0,23.74,90.3765,5,1.0,0.8,1.7,277.8333333333333,371.8541618827421,183.8125047839245,94.0208285494088,1.7320508075688774,dry,,,1,704.9824999999998
2026-05-01,Dhanmondi 12/A Road,208.562687753133,0.0,1.0,23.744,90.388,6,1.2,0.7,2.0,277.8333333333333,371.8541618827421,183.8125047839245,94.0208285494088,1.7320508075688774,dry,,,1,624.9025
2026-05-01,Dhanmondi 8 Road,288.5962281464352,0.0,1.0,23.7415,90.383,5,1.1,0.9,1.7000000000000002,277.8333333333333,371.8541618827421,183.8125047839245,94.0208285494088,1.7320508075688774,dry,,,1,538.8875
2026-05-01,Dhanmondi 16 Road,172.69839325836648,0.0,1.0,23.7465,90.3865,6,1.2,0.6,2.1,277.8333333333333,371.8541618827421,183.8125047839245,94.0208285494088,1.7320508075688774,dry,,,1,549.622
2026-05-01,Dhanmondi 19 Road,326.2508966891476,0.0,1.0,23.748,90.389,6,1.1,0.7,1.9,277.8333333333333,371.8541618827421,183.8125047839245,94.0208285494088,1.7320508075688774,dry,,,1,914.9519999999991
2026-05-01,Dhanmondi 24 Road,188.2425756893056,0.0,1.0,23.75,90.392,5,1.0,0.8,1.7,277.8333333333333,371.8541618827421,183.8125047839245,94.0208285494088,1.7320508075688774,dry,,,1,468.5305000000001
2026-05-01,Dhanmondi 6 Road,257.8258804874144,0.0,1.0,23.741,90.381,4,1.2,0.6,2.1,277.8333333333333,371.8541618827421,183.8125047839245,94.0208285494088,1.7320508075688774,dry,,,1,864.6720000000001
2026-05-01,Dhanmondi 10 Road,322.18226068576155,0.0,1.0,23.743,90.384,5,1.1,0.7,1.9,277.8333333333333,371.8541618827421,183.8125047839245,94.0208285494088,1.7320508075688774,dry,,,1,916.6399999999991
2026-05-01,Dhanmondi 20 Road,314.2991782381354,0.0,1.0,23.749,90.3875,6,1.2,0.5,2.2,277.8333333333333,371.8541618827421,183.8125047839245,94.0208285494088,1.7320508075688774,dry,,,1,1371.610999999998
2026-05-01,Dhanmondi 21 Road,471.7794568548403,0.0,1.0,23.7505,90.3885,6,1.0,0.9,1.6,277.8333333333333,371.8541618827421,183.8125047839245,94.0208285494088,1.7320508075688774,dry,,,1,863.0995000000017
2026-05-01,Dhanmondi 25 Road,337.1144759758041,0.0,1.0,23.752,90.39,5,1.1,0.7,1.9,277.8333333333333,371.8541618827421,183.8125047839245,94.0208285494088,1.7320508075688774,dry,,,1,926.8729999999993
2026-05-01,Dhanmondi 26 Road,429.90311569610685,0.0,1.0,23.753,90.391,5,1.2,0.6,2.1,277.8333333333333,371.8541618827421,183.8125047839245,94.0208285494088,1.7320508075688774,dry,,,1,1440.2575
2026-05-01,Dhanmondi 28 Road,181.0353673202169,0.0,1.0,23.754,90.392,6,1.0,0.8,1.7,277.8333333333333,371.8541618827421,183.8125047839245,94.0208285494088,1.7320508075688774,dry,,,1,335.05999999999915
2026-05-01,Dhanmondi 29 Road,304.84872400598164,0.0,1.0,23.755,90.393,6,1.1,0.7,1.9,277.8333333333333,371.8541618827421,183.8125047839245,94.0208285494088,1.7320508075688774,dry,,,1,815.4655
2026-05-01,Dhanmondi 30 Road,205.1016493369069,0.0,1.0,23.756,90.394,5,1.2,0.6,2.1,277.8333333333333,371.8541618827421,183.8125047839245,94.0208285494088,1.7320508075688774,dry,,,1,768.0165
2026-05-01,Dhanmondi 31 Road,432.3297932632154,0.0,1.0,23.757,90.395,6,1.0,0.9,1.6,277.8333333333333,371.8541618827421,183.8125047839245,94.0208285494088,1.7320508075688774,dry,,,1,739.2315000000003
2026-05-01,Dhanmondi 33 Road,163.74546390623792,0.0,1.0,23.758,90.396,5,1.1,0.7,1.9,277.8333333333333,371.8541618827421,183.8125047839245,94.0208285494088,1.7320508075688774,dry,,,1,423.77050000000025
2026-05-01,Dhanmondi 34 Road,0.0,0.0,1.0,23.759,90.397,6,1.2,0.6,2.1,277.8333333333333,371.8541618827421,183.8125047839245,94.0208285494088,1.7320508075688774,dry,,,0,0.0
2026-05-01,Dhanmondi 35 Road,379.77205557694566,0.0,1.0,23.76,90.398,5,1.0,0.8,1.7,277.8333333333333,371.8541618827421,183.8125047839245,94.0208285494088,1.7320508075688774,dry,,,1,825.427
2026-05-01,Jigatola Road,316.7687378461848,0.0,1.0,23.7375,90.3675,4,1.3,0.5,2.3,277.8333333333333,371.8541618827421,183.8125047839245,94.0208285494088,1.7320508075688774,dry,,,1,1423.200000000002
2026-05-01,Shankar Road,2.7286346942558453,0.0,1.0,23.747,90.3695,6,1.2,0.7,2.0,277.8333333333333,371.8541618827421,183.8125047839245,94.0208285494088,1.7320508075688774,dry,,,0,0.0
2026-05-01,Kalabagan Road,302.62209523421166,0.0,1.0,23.7465,90.395,5,1.1,0.8,1.8,277.8333333333333,371.8541618827421,183.8125047839245,94.0208285494088,1.7320508075688774,dry,,,1,676.0624999999993
2026-05-01,Science Lab Road,278.1639225928328,0.0,1.0,23.7405,90.391,5,1.2,0.6,2.1,277.8333333333333,371.8541618827421,183.8125047839245,94.0208285494088,1.7320508075688774,dry,,,1,990.6225
2026-05-01,Rabindra Sarobar Road,283.1160687861076,0.0,1.0,23.742,90.382,6,1.0,0.9,1.6,277.8333333333333,371.8541618827421,183.8125047839245,94.0208285494088,1.7320508075688774,dry,,,1,504.50949999999955
2026-06-01,Satmasjid Road,242.77646510898347,0.0,1.0,23.738,90.385,5,1.2,0.5,2.2,294.5,423.31681159584986,165.68318840415014,128.81681159584986,1.7320508075688774,dry,,,1,1084.285000000003
2026-06-01,Dhanmondi 27 Road,225.8633095240418,0.0,1.0,23.757,90.375,6,1.1,0.8,1.8,294.5,423.31681159584986,165.68318840415014,128.81681159584986,1.7320508075688774,dry,,,1,515.3629999999996
2026-06-01,Dhanmondi 2 Road,318.2844728449781,0.0,1.0,23.746,90.395,7,1.0,1.0,1.5,294.5,423.31681159584986,165.68318840415014,128.81681159584986,1.7320508075688774,dry,,,1,472.4075
2026-06-01,Dhanmondi 15 Road,302.5464928758241,0.0,1.0,23.7455,90.3825,6,1.2,0.7,2.0,294.5,423.31681159584986,165.68318840415014,128.81681159584986,1.7320508075688774,dry,,,1,860.166
2026-06-01,Dhanmondi 32 Road,477.451367274619,0.0,1.0,23.751,90.381,5,1.1,0.6,2.0,294.5,423.31681159584986,165.68318840415014,128.81681159584986,1.7320508075688774,dry,,,1,1674.8960000000004
2026-06-01,Dhanmondi 9/A Road,241.94594790741957,0.0,1.0,23.7425,90.379,4,1.3,0.5,2.3,294.5,423.31681159584986,165.68318840415014,128.81681159584986,1.7320508075688774,dry,,,1,1124.2249999999972
2026-06-01,Dhanmondi 4 Road,260.01960265565026,0.0,1.0,23.74,90.3765,5,1.0,0.8,1.7,294.5,423.31681159584986,165.68318840415014,128.81681159584986,1.7320508075688774,dry,,,1,578.4189999999992
2026-06-01,Dhanmondi 12/A Road,297.03882846707165,0.0,1.0,23.744,90.388,6,1.2,0.7,2.0,294.5,423.31681159584986,165.68318840415014,128.81681159584986,1.7320508075688774,dry,,,1,852.1630000000004
2026-06-01,Dhanmondi 8 Road,554.4839141893556,0.0,1.0,23.7415,90.383,5,1.1,0.9,1.7000000000000002,294.5,423.31681159584986,165.68318840415014,128.81681159584986,1.7320508075688774,dry,,,1,965.3869999999985
2026-06-01,Dhanmondi 16 Road,247.4119696620775,0.0,1.0,23.7465,90.3865,6,1.2,0.6,2.1,294.5,423.31681159584986,165.68318840415014,128.81681159584986,1.7320508075688774,dry,,,1,865.8889999999999
2026-06-01,Dhanmondi 19 Road,330.5546519639171,0.0,1.0,23.748,90.389,6,1.1,0.7,1.9,294.5,423.31681159584986,165.68318840415014,128.81681159584986,1.7320508075688774,dry,,,1,926.7114999999991
2026-06-01,Dhanmondi 24 Road,48.043881455312885,0.0,1.0,23.75,90.392,5,1.0,0.8,1.7,294.5,423.31681159584986,165.68318840415014,128.81681159584986,1.7320508075688774,dry,,,0,0.0
2026-06-01,Dhanmondi 6 Road,334.5467227465602,0.0,1.0,23.741,90.381,4,1.2,0.6,2.1,294.5,423.31681159584986,165.68318840415014,128.81681159584986,1.7320508075688774,dry,,,1,1183.6674999999998
2026-06-01,Dhanmondi 10 Road,216.48206826991324,0.0,1.0,23.743,90.384,5,1.1,0.7,1.9,294.5,423.31681159584986,165.68318840415014,128.81681159584986,1.7320508075688774,dry,,,1,624.4270000000007
2026-06-01,Dhanmondi 20 Road,196.5837728603524,0.0,1.0,23.749,90.3875,6,1.2,0.5,2.2,294.5,423.31681159584986,165.68318840415014,128.81681159584986,1.7320508075688774,dry,,,1,973.4210000000027
2026-06-01,Dhanmondi 21 Road,423.5374553980272,0.0,1.0,23.7505,90.3885,6,1.0,0.9,1.6,294.5,423.31681159584986,165.68318840415014,128.81681159584986,1.7320508075688774,dry,,,1,749.2240000000003
2026-06-01,Dhanmondi 25 Road,131.29493943411825,0.0,1.0,23.752,90.39,5,1.1,0.7,1.9,294.5,423.31681159584986,165.68318840415014,128.81681159584986,1.7320508075688774,dry,,,1,333.25149999999974
2026-06-01,Dhanmondi 26 Road,486.5711747588424,0.0,1.0,23.753,90.391,5,1.2,0.6,2.1,294.5,423.31681159584986,165.68318840415014,128.81681159584986,1.7320508075688774,dry,,,1,1750.464
2026-06-01,Dhanmondi 28 Road,180.30317644284185,0.0,1.0,23.754,90.392,6,1.0,0.8,1.7,294.5,423.31681159584986,165.68318840415014,128.81681159584986,1.7320508075688774,dry,,,1,336.6334999999991
2026-06-01,Dhanmondi 29 Road,38.32022349701754,0.0,1.0,23.755,90.393,6,1.1,0.7,1.9,294.5,423.31681159584986,165.68318840415014,128.81681159584986,1.7320508075688774,dry,,,0,0.0
2026-06-01,Dhanmondi 30 Road,263.2686882093766,0.0,1.0,23.756,90.394,5,1.2,0.6,2.1,294.5,423.31681159584986,165.68318840415014,128.81681159584986,1.7320508075688774,dry,,,1,951.529
2026-06-01,Dhanmondi 31 Road,201.00284969097368,0.0,1.0,23.757,90.395,6,1.0,0.9,1.6,294.5,423.31681159584986,165.68318840415014,128.81681159584986,1.7320508075688774,dry,,,1,390.9159999999996
2026-06-01,Dhanmondi 33 Road,719.1751874742404,0.0,1.0,23.758,90.396,5,1.1,0.7,1.9,294.5,423.31681159584986,165.68318840415014,128.81681159584986,1.7320508075688774,dry,,,1,1397.2885000000017
2026-06-01,Dhanmondi 34 Road,187.993552866647,0.0,1.0,23.759,90.397,6,1.2,0.6,2.1,294.5,423.31681159584986,165.68318840415014,128.81681159584986,1.7320508075688774,dry,,,1,771.2064999999999
2026-06-01,Dhanmondi 35 Road,293.97438485039027,0.0,1.0,23.76,90.398,5,1.0,0.8,1.7,294.5,423.31681159584986,165.68318840415014,128.81681159584986,1.7320508075688774,dry,,,1,632.5400000000012
2026-06-01,Jigatola Road,390.37203700619136,0.0,1.0,23.7375,90.3675,4,1.3,0.5,2.3,294.5,423.31681159584986,165.68318840415014,128.81681159584986,1.7320508075688774,dry,,,1,1811.0180000000007
2026-06-01,Shankar Road,363.4471215827838,0.0,1.0,23.747,90.3695,6,1.2,0.7,2.0,294.5,423.31681159584986,165.68318840415014,128.81681159584986,1.7320508075688774,dry,,,1,1028.0465000000015
2026-06-01,Kalabagan Road,346.6661863273129,0.0,1.0,23.7465,90.395,5,1.1,0.8,1.8,294.5,423.31681159584986,165.68318840415014,128.81681159584986,1.7320508075688774,dry,,,1,777.4145
2026-06-01,Science Lab Road,79.22359233742085,0.0,1.0,23.7405,90.391,5,1.2,0.6,2.1,294.5,423.31681159584986,165.68318840415014,128.81681159584986,1.7320508075688774,dry,,,0,0.0
2026-06-01,Rabindra Sarobar Road,275.573404703452,0.0,1.0,23.742,90.382,6,1.0,0.9,1.6,294.5,423.31681159584986,165.68318840415014,128.81681159584986,1.7320508075688774,dry,,,1,483.21950000000106
2026-07-01,Satmasjid Road,234.2735804280708,0.0,1.0,23.738,90.385,5,1.2,0.5,2.2,317.6666666666667,464.8578735937384,170.47545973959498,147.1912069270717,1.7320508075688774,dry,,,1,1091.321000000003
2026-07-01,Dhanmondi 27 Road,324.8580032070714,0.0,1.0,23.757,90.375,6,1.1,0.8,1.8,317.6666666666667,464.8578735937384,170.47545973959498,147.1912069270717,1.7320508075688774,dry,,,1,745.0274999999998
2026-07-01,Dhanmondi 2 Road,293.12477920446537,0.0,1.0,23.746,90.395,7,1.0,1.0,1.5,317.6666666666667,464.8578735937384,170.47545973959498,147.1912069270717,1.7320508075688774,dry,,,1,448.5
2026-07-01,Dhanmondi 15 Road,240.83534159329972,0.0,1.0,23.7455,90.3825,6,1.2,0.7,2.0,317.6666666666667,464.8578735937384,170.47545973959498,147.1912069270717,1.7320508075688774,dry,,,1,705.9409999999995
2026-07-01,Dhanmondi 32 Road,86.06263586743626,0.0,1.0,23.751,90.381,5,1.1,0.6,2.0,317.6666666666667,464.8578735937384,170.47545973959498,147.1912069270717,1.7320508075688774,dry,,,1,271.31950000000006
2026-07-01,Dhanmondi 9/A Road,256.8580353271376,0.0,1.0,23.7425,90.379,4,1.3,0.5,2.3,317.6666666666667,464.8578735937384,170.47545973959498,147.1912069270717,1.7320508075688774,dry,,,1,1142.5829999999971
2026-07-01,Dhanmondi 4 Road,331.0725040190937,0.0,1.0,23.74,90.3765,5,1.0,0.8,1.7,317.6666666666667,464.8578735937384,170.47545973959498,147.1912069270717,1.7320508075688774,dry,,,1,718.7769999999997
2026-07-01,Dhanmondi 12/A Road,350.0035668861505,0.0,1.0,23.744,90.388,6,1.2,0.7,2.0,317.6666666666667,464.8578735937384,170.47545973959498,147.1912069270717,1.7320508075688774,dry,,,1,988.3875000000013
2026-07-01,Dhanmondi 8 Road,94.03399105774088,0.0,1.0,23.7415,90.383,5,1.1,0.9,1.7000000000000002,317.6666666666667,464.8578735937384,170.47545973959498,147.1912069270717,1.7320508075688774,dry,,,1,99.37200000000003
2026-07-01,Dhanmondi 16 Road,529.1782524800595,0.0,1.0,23.7465,90.3865,6,1.2,0.6,2.1,317.6666666666667,464.8578735937384,170.47545973959498,147.1912069270717,1.7320508075688774,dry,,,1,1854.2485000000001
2026-07-01,Dhanmondi 19 Road,224.68425168727543,0.0,1.0,23.748,90.389,6,1.1,0.7,1.9,317.6666666666667,464.8578735937384,170.47545973959498,147.1912069270717,1.7320508075688774,dry,,,1,626.8774999999996
2026-07-01,Dhanmondi 24 Road,281.40810516184416,0.0,1.0,23.75,90.392,5,1.0,0.8,1.7,317.6666666666667,464.8578735937384,170.47545973959498,147.1912069270717,1.7320508075688774,dry,,,1,600.7455000000002
2026-07-01,Dhanmondi 6 Road,317.17958281201595,0.0,1.0,23.741,90.381,4,1.2,0.6,2.1,317.6666666666667,464.8578735937384,170.47545973959498,147.1912069270717,1.7320508075688774,dry,,,1,1086.8864999999998
2026-07-01,Dhanmondi 10 Road,589.2751192085236,0.0,1.0,23.743,90.384,5,1.1,0.7,1.9,317.6666666666667,464.8578735937384,170.47545973959498,147.1912069270717,1.7320508075688774,dry,,,1,1450.8575000000012
2026-07-01,Dhanmondi 20 Road,328.0256137343411,0.0,1.0,23.749,90.3875,6,1.2,0.5,2.2,317.6666666666667,464.8578735937384,170.47545973959498,147.1912069270717,1.7320508075688774,dry,,,1,1472.628000000002
2026-07-01,Dhanmondi 21 Road,167.94667808474543,0.0,1.0,23.7505,90.3885,6,1.0,0.9,1.6,317.6666666666667,464.8578735937384,170.47545973959498,147.1912069270717,1.7320508075688774,dry,,,1,283.6449999999996
2026-07-01,Dhanmondi 25 Road,180.4409161019508,0.0,1.0,23.752,90.39,5,1.1,0.7,1.9,317.6666666666667,464.8578735937384,170.47545973959498,147.1912069270717,1.7320508075688774,dry,,,1,430.99850000000015
2026-07-01,Dhanmondi 26 Road,392.0368253175424,0.0,1.0,23.753,90.391,5,1.2,0.6,2.1,317.6666666666667,464.8578735937384,170.47545973959498,147.1912069270717,1.7320508075688774,dry,,,1,1389.8645000000001
2026-07-01,Dhanmondi 28 Road,284.2018756558555,0.0,1.0,23.754,90.392,6,1.0,0.8,1.7,317.6666666666667,464.8578735937384,170.47545973959498,147.1912069270717,1.7320508075688774,dry,,,1,609.7045000000013
2026-07-01,Dhanmondi 29 Road,507.4675872819876,0.0,1.0,23.755,90.393,6,1.1,0.7,1.9,317.6666666666667,464.8578735937384,170.47545973959498,147.1912069270717,1.7320508075688774,dry,,,1,1394.391000000002
2026-07-01,Dhanmondi 30 Road,479.4192276911192,0.0,1.0,23.756,90.394,5,1.2,0.6,2.1,317.6666666666667,464.8578735937384,170.47545973959498,147.1912069270717,1.7320508075688774,dry,,,1,1778.1375
2026-07-01,Dhanmondi 31 Road,307.95586820912456,0.0,1.0,23.757,90.395,6,1.0,0.9,1.6,317.6666666666667,464.8578735937384,170.47545973959498,147.1912069270717,1.7320508075688774,dry,,,1,556.9514999999997
2026-07-01,Dhanmondi 33 Road,569.5036730000411,0.0,1.0,23.758,90.396,5,1.1,0.7,1.9,317.6666666666667,464.8578735937384,170.47545973959498,147.1912069270717,1.7320508075688774,dry,,,1,1449.0310000000013
2026-07-01,Dhanmondi 34 Road,48.70302221672148,0.0,1.0,23.759,90.397,6,1.2,0.6,2.1,317.6666666666667,464.8578735937384,170.47545973959498,147.1912069270717,1.7320508075688774,dry,,,0,0.0
2026-07-01,Dhanmondi 35 Road,255.16778472150875,0.0,1.0,23.76,90.398,5,1.0,0.8,1.7,317.6666666666667,464.8578735937384,170.47545973959498,147.1912069270717,1.7320508075688774,dry,,,1,533.7825000000008
2026-07-01,Jigatola Road,10.744893740085333,0.0,1.0,23.7375,90.3675,4,1.3,0.5,2.3,317.6666666666667,464.8578735937384,170.47545973959498,147.1912069270717,1.7320508075688774,dry,,,0,0.0
2026-07-01,Shankar Road,355.9015924434961,0.0,1.0,23.747,90.3695,6,1.2,0.7,2.0,317.6666666666667,464.8578735937384,170.47545973959498,147.1912069270717,1.7320508075688774,dry,,,1,1024.640000000001
2026-07-01,Kalabagan Road,79.4393316399103,0.0,1.0,23.7465,90.395,5,1.1,0.8,1.8,317.6666666666667,464.8578735937384,170.47545973959498,147.1912069270717,1.7320508075688774,dry,,,0,0.0
2026-07-01,Science Lab Road,417.3370655904228,0.0,1.0,23.7405,90.391,5,1.2,0.6,2.1,317.6666666666667,464.8578735937384,170.47545973959498,147.1912069270717,1.7320508075688774,dry,,,1,1438.09
2026-07-01,Rabindra Sarobar Road,295.17221650107047,0.0,1.0,23.742,90.382,6,1.0,0.9,1.6,317.6666666666667,464.8578735937384,170.47545973959498,147.1912069270717,1.7320508075688774,dry,,,1,529.896
2026-08-01,Satmasjid Road,40.84238812590087,0.0,1.0,23.738,90.385,5,1.2,0.5,2.2,337.1666666666667,475.4685185510029,198.86481478233048,138.3018518843362,1.7320508075688774,dry,,,0,0.0
2026-08-01,Dhanmondi 27 Road,331.9009914220051,0.0,1.0,23.757,90.375,6,1.1,0.8,1.8,337.1666666666667,475.4685185510029,198.86481478233048,138.3018518843362,1.7320508075688774,dry,,,1,758.9654999999999
2026-08-01,Dhanmondi 2 Road,300.55254306104985,0.0,1.0,23.746,90.395,7,1.0,1.0,1.5,337.1666666666667,475.4685185510029,198.86481478233048,138.3018518843362,1.7320508075688774,dry,,,1,455.55
2026-08-01,Dhanmondi 15 Road,247.6141157628971,0.0,1.0,23.7455,90.3825,6,1.2,0.7,2.0,337.1666666666667,475.4685185510029,198.86481478233048,138.3018518843362,1.7320508075688774,dry,,,1,712.173999999998
2026-08-01,Dhanmondi 32 Road,481.4105822513546,0.0,1.0,23.751,90.381,5,1.1,0.6,2.0,337.1666666666667,475.4685185510029,198.86481478233048,138.3018518843362,1.7320508075688774,dry,,,1,1674.0700000000006
2026-08-01,Dhanmondi 9/A Road,587.5341761195823,0.0,1.0,23.7425,90.379,4,1.3,0.5,2.3,337.1666666666667,475.4685185510029,198.86481478233048,138.3018518843362,1.7320508075688774,dry,,,1,2370.720999999998
2026-08-01,Dhanmondi 4 Road,206.93768227807675,0.0,1.0,23.74,90.3765,5,1.0,0.8,1.7,337.1666666666667,475.4685185510029,198.86481478233048,138.3018518843362,1.7320508075688774,dry,,,1,473.0355000000003
2026-08-01,Dhanmondi 12/A Road,632.7290827034576,0.0,1.0,23.744,90.388,6,1.2,0.7,2.0,337.1666666666667,475.4685185510029,198.86481478233048,138.3018518843362,1.7320508075688774,dry,,,1,1466.6544999999987
2026-08-01,Dhanmondi 8 Road,316.4553885306634,0.0,1.0,23.7415,90.383,5,1.1,0.9,1.7000000000000002,337.1666666666667,475.4685185510029,198.86481478233048,138.3018518843362,1.7320508075688774,dry,,,1,587.2190000000008
2026-08-01,Dhanmondi 16 Road,491.8177035761616,0.0,1.0,23.7465,90.3865,6,1.2,0.6,2.1,337.1666666666667,475.4685185510029,198.86481478233048,138.3018518843362,1.7320508075688774,dry,,,1,1752.619
2026-08-01,Dhanmondi 19 Road,296.54932229104566,0.0,1.0,23.748,90.389,6,1.1,0.7,1.9,337.1666666666667,475.4685185510029,198.86481478233048,138.3018518843362,1.7320508075688774,dry,,,1,815.8149999999998
2026-08-01,Dhanmondi 24 Road,451.6569911272088,0.0,1.0,23.75,90.392,5,1.0,0.8,1.7,337.1666666666667,475.4685185510029,198.86481478233048,138.3018518843362,1.7320508075688774,dry,,,1,1032.467000000002
2026-08-01,Dhanmondi 6 Road,205.2969925397272,0.0,1.0,23.741,90.381,4,1.2,0.6,2.1,337.1666666666667,475.4685185510029,198.86481478233048,138.3018518843362,1.7320508075688774,dry,,,1,774.0185
2026-08-01,Dhanmondi 10 Road,139.95864372872032,0.0,1.0,23.743,90.384,5,1.1,0.7,1.9,337.1666666666667,475.4685185510029,198.86481478233048,138.3018518843362,1.7320508075688774,dry,,,1,368.55699999999945
2026-08-01,Dhanmondi 20 Road,405.2970410098573,0.0,1.0,23.749,90.3875,6,1.2,0.5,2.2,337.1666666666667,475.4685185510029,198.86481478233048,138.3018518843362,1.7320508075688774,dry,,,1,1800.5010000000018
2026-08-01,Dhanmondi 21 Road,598.6627187970416,0.0,1.0,23.7505,90.3885,6,1.0,0.9,1.6,337.1666666666667,475.4685185510029,198.86481478233048,138.3018518843362,1.7320508075688774,dry,,,1,911.6885000000023
2026-08-01,Dhanmondi 25 Road,184.1229575528883,0.0,1.0,23.752,90.39,5,1.1,0.7,1.9,337.1666666666667,475.4685185510029,198.86481478233048,138.3018518843362,1.7320508075688774,dry,,,1,430.5510000000002
2026-08-01,Dhanmondi 26 Road,412.90852356889866,0.0,1.0,23.753,90.391,5,1.2,0.6,2.1,337.1666666666667,475.4685185510029,198.86481478233048,138.3018518843362,1.7320508075688774,dry,,,1,1437.7535
2026-08-01,Dhanmondi 28 Road,319.08100635904,0.0,1.0,23.754,90.392,6,1.0,0.8,1.7,337.1666666666667,475.4685185510029,198.86481478233048,138.3018518843362,1.7320508075688774,dry,,,1,706.2454999999999
2026-08-01,Dhanmondi 29 Road,287.439402214236,0.0,1.0,23.755,90.393,6,1.1,0.7,1.9,337.1666666666667,475.4685185510029,198.86481478233048,138.3018518843362,1.7320508075688774,dry,,,1,776.0930000000019
2026-08-01,Dhanmondi 30 Road,86.49772429227855,0.0,1.0,23.756,90.394,5,1.2,0.6,2.1,337.1666666666667,475.4685185510029,198.86481478233048,138.3018518843362,1.7320508075688774,dry,,,1,295.3625
2026-08-01,Dhanmondi 31 Road,343.0076045525927,0.0,1.0,23.757,90.395,6,1.0,0.9,1.6,337.1666666666667,475.4685185510029,198.86481478233048,138.3018518843362,1.7320508075688774,dry,,,1,613.0160000000018
2026-08-01,Dhanmondi 33 Road,260.8739709815562,0.0,1.0,23.758,90.396,5,1.1,0.7,1.9,337.1666666666667,475.4685185510029,198.86481478233048,138.3018518843362,1.7320508075688774,dry,,,1,735.0680000000015
2026-08-01,Dhanmondi 34 Road,594.2424411829212,0.0,1.0,23.759,90.397,6,1.2,0.6,2.1,337.1666666666667,475.4685185510029,198.86481478233048,138.3018518843362,1.7320508075688774,dry,,,1,1824.996
2026-08-01,Dhanmondi 35 Road,615.0830842638807,0.0,1.0,23.76,90.398,5,1.0,0.8,1.7,337.1666666666667,475.4685185510029,198.86481478233048,138.3018518843362,1.7320508075688774,dry,,,1,1093.8475
2026-08-01,Jigatola Road,0.0,0.0,1.0,23.7375,90.3675,4,1.3,0.5,2.3,337.1666666666667,475.4685185510029,198.86481478233048,138.3018518843362,1.7320508075688774,dry,,,0,0.0
2026-08-01,Shankar Road,493.1751324189401,0.0,1.0,23.747,90.3695,6,1.2,0.7,2.0,337.1666666666667,475.4685185510029,198.86481478233048,138.3018518843362,1.7320508075688774,dry,,,1,1415.5644999999977
2026-08-01,Kalabagan Road,512.6416698513196,0.0,1.0,23.7465,90.395,5,1.1,0.8,1.8,337.1666666666667,475.4685185510029,198.86481478233048,138.3018518843362,1.7320508075688774,dry,,,1,1148.3375000000003
2026-08-01,Science Lab Road,371.1351787351744,0.0,1.0,23.7405,90.391,5,1.2,0.6,2.1,337.1666666666667,475.4685185510029,198.86481478233048,138.3018518843362,1.7320508075688774,dry,,,1,1255.7504999999999
2026-08-01,Rabindra Sarobar Road,482.2791614057335,0.0,1.0,23.742,90.382,6,1.0,0.9,1.6,337.1666666666667,475.4685185510029,198.86481478233048,138.3018518843362,1.7320508075688774,dry,,,1,877.4550000000021
2026-09-01,Satmasjid Road,193.3114430663651,0.0,1.0,23.738,90.385,5,1.2,0.5,2.2,296.3333333333333,425.88175399560686,166.78491267105977,129.54842066227354,1.7320508075688774,dry,,,1,975.8090000000025
2026-09-01,Dhanmondi 27 Road,189.03711134921937,0.0,1.0,23.757,90.375,6,1.1,0.8,1.8,296.3333333333333,425.88175399560686,166.78491267105977,129.54842066227354,1.7320508075688774,dry,,,1,495.7659999999997
2026-09-01,Dhanmondi 2 Road,110.49459142165377,0.0,1.0,23.746,90.395,7,1.0,1.0,1.5,296.3333333333333,425.88175399560686,166.78491267105977,129.54842066227354,1.7320508075688774,dry,,,1,184.16550000000004
2026-09-01,Dhanmondi 15 Road,196.7282365025985,0.0,1.0,23.7455,90.3825,6,1.2,0.7,2.0,296.3333333333333,425.88175399560686,166.78491267105977,129.54842066227354,1.7320508075688774,dry,,,1,627.9915
2026-09-01,Dhanmondi 32 Road,405.1011731680901,0.0,1.0,23.751,90.381,5,1.1,0.6,2.0,296.3333333333333,425.88175399560686,166.78491267105977,129.54842066227354,1.7320508075688774,dry,,,1,1368.7595000000033
2026-09-01,Dhanmondi 9/A Road,462.3234637515707,0.0,1.0,23.7425,90.379,4,1.3,0.5,2.3,296.3333333333333,425.88175399560686,166.78491267105977,129.54842066227354,1.7320508075688774,dry,,,1,2234.9840000000027
2026-09-01,Dhanmondi 4 Road,390.58143882732907,0.0,1.0,23.74,90.3765,5,1.0,0.8,1.7,296.3333333333333,425.88175399560686,166.78491267105977,129.54842066227354,1.7320508075688774,dry,,,1,840.0025000000003
2026-09-01,Dhanmondi 12/A Road,142.77666214357131,0.0,1.0,23.744,90.388,6,1.2,0.7,2.0,296.3333333333333,425.88175399560686,166.78491267105977,129.54842066227354,1.7320508075688774,dry,,,1,388.999
2026-09-01,Dhanmondi 8 Road,298.55184856619496,0.0,1.0,23.7415,90.383,5,1.1,0.9,1.7000000000000002,296.3333333333333,425.88175399560686,166.78491267105977,129.54842066227354,1.7320508075688774,dry,,,1,563.195
2026-09-01,Dhanmondi 16 Road,183.8667356412535,0.0,1.0,23.7465,90.3865,6,1.2,0.6,2.1,296.3333333333333,425.88175399560686,166.78491267105977,129.54842066227354,1.7320508075688774,dry,,,1,553.0794999999999
2026-09-01,Dhanmondi 19 Road,223.65115800489303,0.0,1.0,23.748,90.389,6,1.1,0.7,1.9,296.3333333333333,425.88175399560686,166.78491267105977,129.54842066227354,1.7320508075688774,dry,,,1,624.0215000000006
2026-09-01,Dhanmondi 24 Road,41.215853000548265,0.0,1.0,23.75,90.392,5,1.0,0.8,1.7,296.3333333333333,425.88175399560686,166.78491267105977,129.54842066227354,1.7320508075688774,dry,,,0,0.0
2026-09-01,Dhanmondi 6 Road,377.0598509524736,0.0,1.0,23.741,90.381,4,1.2,0.6,2.1,296.3333333333333,425.88175399560686,166.78491267105977,129.54842066227354,1.7320508075688774,dry,,,1,1387.079
2026-09-01,Dhanmondi 10 Road,166.4994501698569,0.0,1.0,23.743,90.384,5,1.1,0.7,1.9,296.3333333333333,425.88175399560686,166.78491267105977,129.54842066227354,1.7320508075688774,dry,,,1,428.24450000000024
2026-09-01,Dhanmondi 20 Road,203.021616359742,0.0,1.0,23.749,90.3875,6,1.2,0.5,2.2,296.3333333333333,425.88175399560686,166.78491267105977,129.54842066227354,1.7320508075688774,dry,,,1,973.4210000000027
2026-09-01,Dhanmondi 21 Road,172.33963834412862,0.0,1.0,23.7505,90.3885,6,1.0,0.9,1.6,296.3333333333333,425.88175399560686,166.78491267105977,129.54842066227354,1.7320508075688774,dry,,,1,282.82699999999954
2026-09-01,Dhanmondi 25 Road,323.72506252725015,0.0,1.0,23.752,90.39,5,1.1,0.7,1.9,296.3333333333333,425.88175399560686,166.78491267105977,129.54842066227354,1.7320508075688774,dry,,,1,912.8529999999988
2026-09-01,Dhanmondi 26 Road,387.00898824064257,0.0,1.0,23.753,90.391,5,1.2,0.6,2.1,296.3333333333333,425.88175399560686,166.78491267105977,129.54842066227354,1.7320508075688774,dry,,,1,1391.2045
2026-09-01,Dhanmondi 28 Road,304.93021230125555,0.0,1.0,23.754,90.392,6,1.0,0.8,1.7,296.3333333333333,425.88175399560686,166.78491267105977,129.54842066227354,1.7320508075688774,dry,,,1,642.0785000000011
2026-09-01,Dhanmondi 29 Road,147.59523793029035,0.0,1.0,23.755,90.393,6,1.1,0.7,1.9,296.3333333333333,425.88175399560686,166.78491267105977,129.54842066227354,1.7320508075688774,dry,,,1,377.77149999999943
2026-09-01,Dhanmondi 30 Road,268.4918090938001,0.0,1.0,23.756,90.394,5,1.2,0.6,2.1,296.3333333333333,425.88175399560686,166.78491267105977,129.54842066227354,1.7320508075688774,dry,,,1,951.529
2026-09-01,Dhanmondi 31 Road,485.8292702296127,0.0,1.0,23.757,90.395,6,1.0,0.9,1.6,296.3333333333333,425.88175399560686,166.78491267105977,129.54842066227354,1.7320508075688774,dry,,,1,872.728500000002
2026-09-01,Dhanmondi 33 Road,100.85381974120531,0.0,1.0,23.758,90.396,5,1.1,0.7,1.9,296.3333333333333,425.88175399560686,166.78491267105977,129.54842066227354,1.7320508075688774,dry,,,1,320.2024999999995
2026-09-01,Dhanmondi 34 Road,3.515393068844276,0.0,1.0,23.759,90.397,6,1.2,0.6,2.1,296.3333333333333,425.88175399560686,166.78491267105977,129.54842066227354,1.7320508075688774,dry,,,0,0.0
2026-09-01,Dhanmondi 35 Road,426.95448252489655,0.0,1.0,23.76,90.398,5,1.0,0.8,1.7,296.3333333333333,425.88175399560686,166.78491267105977,129.54842066227354,1.7320508075688774,dry,,,1,898.7420000000013
2026-09-01,Jigatola Road,232.25599453097928,0.0,1.0,23.7375,90.3675,4,1.3,0.5,2.3,296.3333333333333,425.88175399560686,166.78491267105977,129.54842066227354,1.7320508075688774,dry,,,1,1125.1699999999971
2026-09-01,Shankar Road,205.99210009342136,0.0,1.0,23.747,90.3695,6,1.2,0.7,2.0,296.3333333333333,425.88175399560686,166.78491267105977,129.54842066227354,1.7320508075688774,dry,,,1,627.7289999999999
2026-09-01,Kalabagan Road,201.95641648985844,0.0,1.0,23.7465,90.395,5,1.1,0.8,1.8,296.3333333333333,425.88175399560686,166.78491267105977,129.54842066227354,1.7320508075688774,dry,,,1,495.0434999999997
2026-09-01,Science Lab Road,170.15173068730837,0.0,1.0,23.7405,90.391,5,1.2,0.6,2.1,296.3333333333333,425.88175399560686,166.78491267105977,129.54842066227354,1.7320508075688774,dry,,,1,553.14
2026-09-01,Rabindra Sarobar Road,470.0911513349456,0.0,1.0,23.742,90.382,6,1.0,0.9,1.6,296.3333333333333,425.88175399560686,166.78491267105977,129.54842066227354,1.7320508075688774,dry,,,1,862.148000000002
2026-10-01,Satmasjid Road,243.96673573928396,0.0,1.0,23.738,90.385,5,1.2,0.5,2.2,298.1666666666667,375.9532605626855,220.38007277064787,77.7865938960188,1.7320508075688774,dry,,,1,1082.107000000003
2026-10-01,Dhanmondi 27 Road,264.4725158318002,0.0,1.0,23.757,90.375,6,1.1,0.8,1.8,298.1666666666667,375.9532605626855,220.38007277064787,77.7865938960188,1.7320508075688774,dry,,,1,612.7445000000006
2026-10-01,Dhanmondi 2 Road,253.38904098572203,0.0,1.0,23.746,90.395,7,1.0,1.0,1.5,298.1666666666667,375.9532605626855,220.38007277064787,77.7865938960188,1.7320508075688774,dry,,,1,381.50199999999995
2026-10-01,Dhanmondi 15 Road,438.7931665346303,0.0,1.0,23.7455,90.3825,6,1.2,0.7,2.0,298.1666666666667,375.9532605626855,220.38007277064787,77.7865938960188,1.7320508075688774,dry,,,1,1173.4695000000006
2026-10-01,Dhanmondi 32 Road,396.6024734931432,0.0,1.0,23.751,90.381,5,1.1,0.6,2.0,298.1666666666667,375.9532605626855,220.38007277064787,77.7865938960188,1.7320508075688774,dry,,,1,1336.3320000000024
2026-10-01,Dhanmondi 9/A Road,215.9588369163585,0.0,1.0,23.7425,90.379,4,1.3,0.5,2.3,298.1666666666667,375.9532605626855,220.38007277064787,77.7865938960188,1.7320508075688774,dry,,,1,1046.1869999999985
2026-10-01,Dhanmondi 4 Road,300.7762808960582,0.0,1.0,23.74,90.3765,5,1.0,0.8,1.7,298.1666666666667,375.9532605626855,220.38007277064787,77.7865938960188,1.7320508075688774,dry,,,1,639.4480000000012
2026-10-01,Dhanmondi 12/A Road,243.7526858513244,0.0,1.0,23.744,90.388,6,1.2,0.7,2.0,298.1666666666667,375.9532605626855,220.38007277064787,77.7865938960188,1.7320508075688774,dry,,,1,700.6500000000004
2026-10-01,Dhanmondi 8 Road,196.0918226010536,0.0,1.0,23.7415,90.383,5,1.1,0.9,1.7000000000000002,298.1666666666667,375.9532605626855,220.38007277064787,77.7865938960188,1.7320508075688774,dry,,,1,415.2855000000005
2026-10-01,Dhanmondi 16 Road,284.9378675686904,0.0,1.0,23.7465,90.3865,6,1.2,0.6,2.1,298.1666666666667,375.9532605626855,220.38007277064787,77.7865938960188,1.7320508075688774,dry,,,1,999.395
2026-10-01,Dhanmondi 19 Road,253.50632322255527,0.0,1.0,23.748,90.389,6,1.1,0.7,1.9,298.1666666666667,375.9532605626855,220.38007277064787,77.7865938960188,1.7320508075688774,dry,,,1,673.2164999999995
2026-10-01,Dhanmondi 24 Road,449.0178398016992,0.0,1.0,23.75,90.392,5,1.0,0.8,1.7,298.1666666666667,375.9532605626855,220.38007277064787,77.7865938960188,1.7320508075688774,dry,,,1,883.491500000001
2026-10-01,Dhanmondi 6 Road,456.5249966714878,0.0,1.0,23.741,90.381,4,1.2,0.6,2.1,298.1666666666667,375.9532605626855,220.38007277064787,77.7865938960188,1.7320508075688774,dry,,,1,1738.247
2026-10-01,Dhanmondi 10 Road,205.66166667380077,0.0,1.0,23.743,90.384,5,1.1,0.7,1.9,298.1666666666667,375.9532605626855,220.38007277064787,77.7865938960188,1.7320508075688774,dry,,,1,597.5429999999996
2026-10-01,Dhanmondi 20 Road,381.3709051171413,0.0,1.0,23.749,90.3875,6,1.2,0.5,2.2,298.1666666666667,375.9532605626855,220.38007277064787,77.7865938960188,1.7320508075688774,dry,,,1,1721.4330000000002
2026-10-01,Dhanmondi 21 Road,300.3783724359218,0.0,1.0,23.7505,90.3885,6,1.0,0.9,1.6,298.1666666666667,375.9532605626855,220.38007277064787,77.7865938960188,1.7320508075688774,dry,,,1,531.7705000000002
2026-10-01,Dhanmondi 25 Road,252.58734726351312,0.0,1.0,23.752,90.39,5,1.1,0.7,1.9,298.1666666666667,375.9532605626855,220.38007277064787,77.7865938960188,1.7320508075688774,dry,,,1,672.7934999999994
2026-10-01,Dhanmondi 26 Road,305.3015652782878,0.0,1.0,23.753,90.391,5,1.2,0.6,2.1,298.1666666666667,375.9532605626855,220.38007277064787,77.7865938960188,1.7320508075688774,dry,,,1,1050.1825
2026-10-01,Dhanmondi 28 Road,386.8425098603944,0.0,1.0,23.754,90.392,6,1.0,0.8,1.7,298.1666666666667,375.9532605626855,220.38007277064787,77.7865938960188,1.7320508075688774,dry,,,1,824.952
2026-10-01,Dhanmondi 29 Road,167.4172662247298,0.0,1.0,23.755,90.393,6,1.1,0.7,1.9,298.1666666666667,375.9532605626855,220.38007277064787,77.7865938960188,1.7320508075688774,dry,,,1,427.32950000000017
2026-10-01,Dhanmondi 30 Road,253.52737635632815,0.0,1.0,23.756,90.394,5,1.2,0.6,2.1,298.1666666666667,375.9532605626855,220.38007277064787,77.7865938960188,1.7320508075688774,dry,,,1,866.2739999999999
2026-10-01,Dhanmondi 31 Road,236.32815240419967,0.0,1.0,23.757,90.395,6,1.0,0.9,1.6,298.1666666666667,375.9532605626855,220.38007277064787,77.7865938960188,1.7320508075688774,dry,,,1,434.1875000000002
2026-10-01,Dhanmondi 33 Road,329.09936101539887,0.0,1.0,23.758,90.396,5,1.1,0.7,1.9,298.1666666666667,375.9532605626855,220.38007277064787,77.7865938960188,1.7320508075688774,dry,,,1,903.9449999999986
2026-10-01,Dhanmondi 34 Road,319.5015675656287,0.0,1.0,23.759,90.397,6,1.2,0.6,2.1,298.1666666666667,375.9532605626855,220.38007277064787,77.7865938960188,1.7320508075688774,dry,,,1,1154.01
2026-10-01,Dhanmondi 35 Road,222.4311635848518,0.0,1.0,23.76,90.398,5,1.0,0.8,1.7,298.1666666666667,375.9532605626855,220.38007277064787,77.7865938960188,1.7320508075688774,dry,,,1,487.4540000000004
2026-10-01,Jigatola Road,237.66894832280923,0.0,1.0,23.7375,90.3675,4,1.3,0.5,2.3,298.1666666666667,375.9532605626855,220.38007277064787,77.7865938960188,1.7320508075688774,dry,,,1,1123.904999999997
2026-10-01,Shankar Road,279.079342690631,0.0,1.0,23.747,90.3695,6,1.2,0.7,2.0,298.1666666666667,375.9532605626855,220.38007277064787,77.7865938960188,1.7320508075688774,dry,,,1,808.6614999999994
2026-10-01,Kalabagan Road,289.83067045073426,0.0,1.0,23.7465,90.395,5,1.1,0.8,1.8,298.1666666666667,375.9532605626855,220.38007277064787,77.7865938960188,1.7320508075688774,dry,,,1,643.1429999999987
2026-10-01,Science Lab Road,275.09066298067523,0.0,1.0,23.7405,90.391,5,1.2,0.6,2.1,298.1666666666667,375.9532605626855,220.38007277064787,77.7865938960188,1.7320508075688774,dry,,,1,952.49
2026-10-01,Rabindra Sarobar Road,314.8825061926508,0.0,1.0,23.742,90.382,6,1.0,0.9,1.6,298.1666666666667,375.9532605626855,220.38007277064787,77.7865938960188,1.7320508075688774,dry,,,1,553.2804999999998
2026-11-01,Satmasjid Road,72.89379814941948,0.0,1.0,23.738,90.385,5,1.2,0.5,2.2,30.666666666666668,49.70793323174144,11.625400101591891,19.04126656507477,1.7320508075688774,dry,,,0,0.0
2026-11-01,Dhanmondi 27 Road,34.46465551859566,0.0,1.0,23.757,90.375,6,1.1,0.8,1.8,30.666666666666668,49.70793323174144,11.625400101591891,19.04126656507477,1.7320508075688774,dry,,,0,0.0
2026-11-01,Dhanmondi 2 Road,12.963516052127735,0.0,1.0,23.746,90.395,7,1.0,1.0,1.5,30.666666666666668,49.70793323174144,11.625400101591891,19.04126656507477,1.7320508075688774,dry,,,0,0.0
2026-11-01,Dhanmondi 15 Road,36.80819146342768,0.0,1.0,23.7455,90.3825,6,1.2,0.7,2.0,30.666666666666668,49.70793323174144,11.625400101591891,19.04126656507477,1.7320508075688774,dry,,,0,0.0
2026-11-01,Dhanmondi 32 Road,14.81280246924979,0.0,1.0,23.751,90.381,5,1.1,0.6,2.0,30.666666666666668,49.70793323174144,11.625400101591891,19.04126656507477,1.7320508075688774,dry,,,0,0.0
2026-11-01,Dhanmondi 9/A Road,0.0,0.0,1.0,23.7425,90.379,4,1.3,0.5,2.3,30.666666666666668,49.70793323174144,11.625400101591891,19.04126656507477,1.7320508075688774,dry,,,0,0.0
2026-11-01,Dhanmondi 4 Road,17.082451205580426,0.0,1.0,23.74,90.3765,5,1.0,0.8,1.7,30.666666666666668,49.70793323174144,11.625400101591891,19.04126656507477,1.7320508075688774,dry,,,0,0.0
2026-11-01,Dhanmondi 12/A Road,47.40783309104332,0.0,1.0,23.744,90.388,6,1.2,0.7,2.0,30.666666666666668,49.70793323174144,11.625400101591891,19.04126656507477,1.7320508075688774,dry,,,0,0.0
2026-11-01,Dhanmondi 8 Road,66.96442275880226,0.0,1.0,23.7415,90.383,5,1.1,0.9,1.7000000000000002,30.666666666666668,49.70793323174144,11.625400101591891,19.04126656507477,1.7320508075688774,dry,,,0,0.0
2026-11-01,Dhanmondi 16 Road,25.55088594511794,0.0,1.0,23.7465,90.3865,6,1.2,0.6,2.1,30.666666666666668,49.70793323174144,11.625400101591891,19.04126656507477,1.7320508075688774,dry,,,0,0.0
2026-11-01,Dhanmondi 19 Road,0.0,0.0,1.0,23.748,90.389,6,1.1,0.7,1.9,30.666666666666668,49.70793323174144,11.625400101591891,19.04126656507477,1.7320508075688774,dry,,,0,0.0
2026-11-01,Dhanmondi 24 Road,34.72609784121994,0.0,1.0,23.75,90.392,5,1.0,0.8,1.7,30.666666666666668,49.70793323174144,11.625400101591891,19.04126656507477,1.7320508075688774,dry,,,0,0.0
2026-11-01,Dhanmondi 6 Road,15.695794366460534,0.0,1.0,23.741,90.381,4,1.2,0.6,2.1,30.666666666666668,49.70793323174144,11.625400101591891,19.04126656507477,1.7320508075688774,dry,,,0,0.0
2026-11-01,Dhanmondi 10 Road,23.05143264629869,0.0,1.0,23.743,90.384,5,1.1,0.7,1.9,30.666666666666668,49.70793323174144,11.625400101591891,19.04126656507477,1.7320508075688774,dry,,,0,0.0
2026-11-01,Dhanmondi 20 Road,46.02201106299525,0.0,1.0,23.749,90.3875,6,1.2,0.5,2.2,30.666666666666668,49.70793323174144,11.625400101591891,19.04126656507477,1.7320508075688774,dry,,,0,0.0
2026-11-01,Dhanmondi 21 Road,57.26213509171789,0.0,1.0,23.7505,90.3885,6,1.0,0.9,1.6,30.666666666666668,49.70793323174144,11.625400101591891,19.04126656507477,1.7320508075688774,dry,,,0,0.0
2026-11-01,Dhanmondi 25 Road,43.21348998452285,0.0,1.0,23.752,90.39,5,1.1,0.7,1.9,30.666666666666668,49.70793323174144,11.625400101591891,19.04126656507477,1.7320508075688774,dry,,,0,0.0
2026-11-01,Dhanmondi 26 Road,16.804726822512343,0.0,1.0,23.753,90.391,5,1.2,0.6,2.1,30.666666666666668,49.70793323174144,11.625400101591891,19.04126656507477,1.7320508075688774,dry,,,0,0.0
2026-11-01,Dhanmondi 28 Road,59.038117324095225,0.0,1.0,23.754,90.392,6,1.0,0.8,1.7,30.666666666666668,49.70793323174144,11.625400101591891,19.04126656507477,1.7320508075688774,dry,,,0,0.0
2026-11-01,Dhanmondi 29 Road,26.557638501544,0.0,1.0,23.755,90.393,6,1.1,0.7,1.9,30.666666666666668,49.70793323174144,11.625400101591891,19.04126656507477,1.7320508075688774,dry,,,0,0.0
2026-11-01,Dhanmondi 30 Road,60.7233739936852,0.0,1.0,23.756,90.394,5,1.2,0.6,2.1,30.666666666666668,49.70793323174144,11.625400101591891,19.04126656507477,1.7320508075688774,dry,,,0,0.0
2026-11-01,Dhanmondi 31 Road,26.27037721195982,0.0,1.0,23.757,90.395,6,1.0,0.9,1.6,30.666666666666668,49.70793323174144,11.625400101591891,19.04126656507477,1.7320508075688774,dry,,,0,0.0
2026-11-01,Dhanmondi 33 Road,24.8626235472165,0.0,1.0,23.758,90.396,5,1.1,0.7,1.9,30.666666666666668,49.70793323174144,11.625400101591891,19.04126656507477,1.7320508075688774,dry,,,0,0.0
2026-11-01,Dhanmondi 34 Road,30.50846558432944,0.0,1.0,23.759,90.397,6,1.2,0.6,2.1,30.666666666666668,49.70793323174144,11.625400101591891,19.04126656507477,1.7320508075688774,dry,,,0,0.0
2026-11-01,Dhanmondi 35 Road,19.68194357448479,0.0,1.0,23.76,90.398,5,1.0,0.8,1.7,30.666666666666668,49.70793323174144,11.625400101591891,19.04126656507477,1.7320508075688774,dry,,,0,0.0
2026-11-01,Jigatola Road,54.90690119496365,0.0,1.0,23.7375,90.3675,4,1.3,0.5,2.3,30.666666666666668,49.70793323174144,11.625400101591891,19.04126656507477,1.7320508075688774,dry,,,0,0.0
2026-11-01,Shankar Road,9.996953431733182,0.0,1.0,23.747,90.3695,6,1.2,0.7,2.0,30.666666666666668,49.70793323174144,11.625400101591891,19.04126656507477,1.7320508075688774,dry,,,0,0.0
2026-11-01,Kalabagan Road,0.0,0.0,1.0,23.7465,90.395,5,1.1,0.8,1.8,30.666666666666668,49.70793323174144,11.625400101591891,19.04126656507477,1.7320508075688774,dry,,,0,0.0
2026-11-01,Science Lab Road,49.6817011312816,0.0,1.0,23.7405,90.391,5,1.2,0.6,2.1,30.666666666666668,49.70793323174144,11.625400101591891,19.04126656507477,1.7320508075688774,dry,,,0,0.0
2026-11-01,Rabindra Sarobar Road,21.86783592873728,0.0,1.0,23.742,90.382,6,1.0,0.9,1.6,30.666666666666668,49.70793323174144,11.625400101591891,19.04126656507477,1.7320508075688774,dry,,,0,0.0
2026-12-01,Satmasjid Road,98.83729341393534,0.0,1.0,23.738,90.385,5,1.2,0.5,2.2,42.8,102.1840870828012,0.0,59.3840870828012,1.7320508075688774,dry,,,1,473.97599999999954
2026-12-01,Dhanmondi 27 Road,70.63298351441377,0.0,1.0,23.757,90.375,6,1.1,0.8,1.8,42.8,102.1840870828012,0.0,59.3840870828012,1.7320508075688774,dry,,,0,0.0
2026-12-01,Dhanmondi 2 Road,59.56900135153036,0.0,1.0,23.746,90.395,7,1.0,1.0,1.5,42.8,102.1840870828012,0.0,59.3840870828012,1.7320508075688774,dry,,,0,0.0
2026-12-01,Dhanmondi 15 Road,20.52869637722143,0.0,1.0,23.7455,90.3825,6,1.2,0.7,2.0,42.8,102.1840870828012,0.0,59.3840870828012,1.7320508075688774,dry,,,0,0.0
2026-12-01,Dhanmondi 32 Road,0.0,0.0,1.0,23.751,90.381,5,1.1,0.6,2.0,42.8,102.1840870828012,0.0,59.3840870828012,1.7320508075688774,dry,,,0,0.0
2026-12-01,Dhanmondi 9/A Road,94.59479312010272,0.0,1.0,23.7425,90.379,4,1.3,0.5,2.3,42.8,102.1840870828012,0.0,59.3840870828012,1.7320508075688774,dry,,,1,371.43999999999994
2026-12-01,Dhanmondi 4 Road,27.987897030443648,0.0,1.0,23.74,90.3765,5,1.0,0.8,1.7,42.8,102.1840870828012,0.0,59.3840870828012,1.7320508075688774,dry,,,0,0.0
2026-12-01,Dhanmondi 12/A Road,90.49120918209388,0.0,1.0,23.744,90.388,6,1.2,0.7,2.0,42.8,102.1840870828012,0.0,59.3840870828012,1.7320508075688774,dry,,,1,213.40650000000016
2026-12-01,Dhanmondi 8 Road,0.0,0.0,1.0,23.7415,90.383,5,1.1,0.9,1.7000000000000002,42.8,102.1840870828012,0.0,59.3840870828012,1.7320508075688774,dry,,,0,0.0
2026-12-01,Dhanmondi 16 Road,73.3213087227433,0.0,1.0,23.7465,90.3865,6,1.2,0.6,2.1,42.8,102.1840870828012,0.0,59.3840870828012,1.7320508075688774,dry,,,0,0.0
2026-12-01,Dhanmondi 19 Road,0.0,0.0,1.0,23.748,90.389,6,1.1,0.7,1.9,42.8,102.1840870828012,0.0,59.3840870828012,1.7320508075688774,dry,,,0,0.0
2026-12-01,Dhanmondi 24 Road,0.0,0.0,1.0,23.75,90.392,5,1.0,0.8,1.7,42.8,102.1840870828012,0.0,59.3840870828012,1.7320508075688774,dry,,,0,0.0
2026-12-01,Dhanmondi 6 Road,14.460046914410306,0.0,1.0,23.741,90.381,4,1.2,0.6,2.1,42.8,102.1840870828012,0.0,59.3840870828012,1.7320508075688774,dry,,,0,0.0
2026-12-01,Dhanmondi 10 Road,0.0,0.0,1.0,23.743,90.384,5,1.1,0.7,1.9,42.8,102.1840870828012,0.0,59.3840870828012,1.7320508075688774,dry,,,0,0.0
2026-12-01,Dhanmondi 20 Road,53.32241656589916,0.0,1.0,23.749,90.3875,6,1.2,0.5,2.2,42.8,102.1840870828012,0.0,59.3840870828012,1.7320508075688774,dry,,,0,0.0
2026-12-01,Dhanmondi 21 Road,86.46766790628632,0.0,1.0,23.7505,90.3885,6,1.0,0.9,1.6,42.8,102.1840870828012,0.0,59.3840870828012,1.7320508075688774,dry,,,0,0.0
2026-12-01,Dhanmondi 25 Road,4.845778154047601,0.0,1.0,23.752,90.39,5,1.1,0.7,1.9,42.8,102.1840870828012,0.0,59.3840870828012,1.7320508075688774,dry,,,0,0.0
2026-12-01,Dhanmondi 26 Road,39.7757453680397,0.0,1.0,23.753,90.391,5,1.2,0.6,2.1,42.8,102.1840870828012,0.0,59.3840870828012,1.7320508075688774,dry,,,0,0.0
2026-12-01,Dhanmondi 28 Road,0.0,0.0,1.0,23.754,90.392,6,1.0,0.8,1.7,42.8,102.1840870828012,0.0,59.3840870828012,1.7320508075688774,dry,,,0,0.0
2026-12-01,Dhanmondi 29 Road,49.97491741305437,0.0,1.0,23.755,90.393,6,1.1,0.7,1.9,42.8,102.1840870828012,0.0,59.3840870828012,1.7320508075688774,dry,,,0,0.0
2026-12-01,Dhanmondi 30 Road,40.98377400134641,0.0,1.0,23.756,90.394,5,1.2,0.6,2.1,42.8,102.1840870828012,0.0,59.3840870828012,1.7320508075688774,dry,,,0,0.0
2026-12-01,Dhanmondi 31 Road,135.07514494917532,0.0,1.0,23.757,90.395,6,1.0,0.9,1.6,42.8,102.1840870828012,0.0,59.3840870828012,1.7320508075688774,dry,,,1,207.81150000000036
2026-12-01,Dhanmondi 33 Road,81.18068625721338,0.0,1.0,23.758,90.396,5,1.1,0.7,1.9,42.8,102.1840870828012,0.0,59.3840870828012,1.7320508075688774,dry,,,1,200.48250000000036
2026-12-01,Dhanmondi 34 Road,63.41852479503663,0.0,1.0,23.759,90.397,6,1.2,0.6,2.1,42.8,102.1840870828012,0.0,59.3840870828012,1.7320508075688774,dry,,,0,0.0
2026-12-01,Dhanmondi 35 Road,48.14889847406871,0.0,1.0,23.76,90.398,5,1.0,0.8,1.7,42.8,102.1840870828012,0.0,59.3840870828012,1.7320508075688774,dry,,,0,0.0
2026-12-01,Jigatola Road,31.741729928757003,0.0,1.0,23.7375,90.3675,4,1.3,0.5,2.3,42.8,102.1840870828012,0.0,59.3840870828012,1.7320508075688774,dry,,,0,0.0
2026-12-01,Shankar Road,15.161562295721282,0.0,1.0,23.747,90.3695,6,1.2,0.7,2.0,42.8,102.1840870828012,0.0,59.3840870828012,1.7320508075688774,dry,,,0,0.0
2026-12-01,Kalabagan Road,34.41207906487797,0.0,1.0,23.7465,90.395,5,1.1,0.8,1.8,42.8,102.1840870828012,0.0,59.3840870828012,1.7320508075688774,dry,,,0,0.0
2026-12-01,Science Lab Road,52.20665883041997,0.0,1.0,23.7405,90.391,5,1.2,0.6,2.1,42.8,102.1840870828012,0.0,59.3840870828012,1.7320508075688774,dry,,,0,0.0
2026-12-01,Rabindra Sarobar Road,63.15794844409351,0.0,1.0,23.742,90.382,6,1.0,0.9,1.6,42.8,102.1840870828012,0.0,59.3840870828012,1.7320508075688774,dry,,,0,0.0
