date,road_name,rainfall_mm,UR,Î´,Cw,Ci,AF,mean_rain,max_rain,min_rain,std_rain,skewness,S,pred_occurrence,pred_duration
2026-01-01,Dhanmondi 10 Road,20.843167886594717,0.0,0.0,20843.167886594714,800.0,26.053959858243392,20.843167886594717,20.843167886594717,20.843167886594717,0.0,0.0,dry,0,0.0
2026-02-01,Dhanmondi 10 Road,11.497642015715243,-9.34552587087947,1.0,16.17040495115498,1.0311760502995186,15.681517182694527,16.17040495115498,20.843167886594717,11.497642015715243,6.608284717053189,0.0,dry,0,0.0
2026-03-01,Dhanmondi 10 Road,0.0,-11.497642015715243,1.0,10.780269967436652,1.546764075449278,6.969563192308679,10.780269967436652,20.843167886594717,0.0,10.440085195003528,-0.3077496307567441,transition,0,0.0
2026-04-01,Dhanmondi 10 Road,91.32585605938544,91.32585605938544,2.0,17.137249679183444,1.0658169516000997,16.078980216495406,34.27449935836689,91.32585605938544,0.0,49.741249673189,1.628520896787237,transition,0,0.0
2026-05-01,Dhanmondi 10 Road,186.1929551266389,94.8670990672535,1.0,92.50627039534146,1.610208296850895,57.44987811592895,92.50627039534146,186.1929551266389,0.0,93.10209003132552,0.057045020466765,transition,0,0.0
2026-06-01,Dhanmondi 10 Road,395.8897291102856,209.69677398364664,1.0,224.46951343210333,1.410934511532348,159.09279388759,224.46951343210333,395.8897291102856,91.32585605938544,155.84803296392585,1.038541698440561,wet,1,0.0
2026-07-01,Dhanmondi 10 Road,488.201748281136,92.31201917085036,1.0,356.7614775060202,1.094740949485832,325.88666540114417,356.7614775060202,488.201748281136,186.1929551266389,154.75979077545938,-1.0650153978595704,wet,1,28102.591500000046
2026-08-01,Dhanmondi 10 Road,223.6647822298948,-264.5369660512412,1.0,369.2520865404388,1.0577093884129922,349.10542591899633,369.2520865404388,488.201748281136,223.6647822298948,134.2651280234673,-0.8576405885015697,wet,1,0.0
2026-09-01,Dhanmondi 10 Road,421.1371893806695,197.47240715077476,1.0,377.66790663056673,1.0341397608003648,365.2000638078875,377.66790663056673,488.201748281136,223.6647822298948,137.5214001855899,-1.2802916934842643,wet,1,28094.854800000045
2026-10-01,Dhanmondi 10 Road,330.2754889982983,-90.86170038237124,1.0,325.0258202029542,1.0365630376508574,313.56107481852126,325.0258202029542,421.1371893806695,223.6647822298948,98.84081729389912,-0.2383313911657475,transition,1,0.0
2026-11-01,Dhanmondi 10 Road,46.31973330564977,-283.9557556926485,1.0,265.9108038948725,1.2670028692693978,209.87387664576232,265.9108038948725,421.1371893806695,46.31973330564977,195.52273745266737,-1.3208350242620168,transition,0,0.0
2026-12-01,Dhanmondi 10 Road,155.43931965996825,109.11958635431849,1.0,177.34484732130545,1.4898678771305711,119.033942568696,177.34484732130545,330.2754889982983,46.31973330564977,143.239683413281,0.67208659352641,dry,0,0.0
2026-01-01,Dhanmondi 12/A Road,0.0,0.0,0.0,0.0,0.0,0.0,0.0,0.0,0.0,0.0,0.0,dry,0,0.0
2026-02-01,Dhanmondi 12/A Road,3.953078057454385,3.953078057454385,0.0,1976.5390287271923,1600.0,1.2353368929544954,1.976539028727193,3.953078057454385,0.0,2.7952483009857403,0.0,dry,0,0.0
2026-03-01,Dhanmondi 12/A Road,65.48354943506868,61.5304713776143,1.0,23.14554249750769,2.2633662422773613,10.226158747609064,23.14554249750769,65.48354943506868,0.0,36.71902545160757,1.709494051710478,transition,0,0.0
2026-04-01,Dhanmondi 12/A Road,78.51479799196245,13.031248556893772,1.0,49.31714182816184,1.2736309539678587,38.72168910037845,49.31714182816184,78.51479799196245,3.953078057454385,39.82307209498654,-1.5257441044215112,transition,0,0.0
2026-05-01,Dhanmondi 12/A Road,228.0248400426527,149.51004205069023,1.0,124.0077291565613,1.471036307775742,84.29957065034328,124.0077291565613,228.0248400426527,65.48354943506868,90.31679178068144,1.6915741862565663,transition,0,0.0
2026-06-01,Dhanmondi 12/A Road,360.6174742296487,132.59263418699598,1.0,222.38570408808792,1.2972685477545145,171.42611256013475,222.38570408808792,360.6174742296487,78.51479799196245,141.13585609564905,-0.179512147098498,wet,1,0.0
2026-07-01,Dhanmondi 12/A Road,331.9556283207271,-28.661845908921578,1.0,306.8659808643428,0.9401302111466516,326.40795628731746,306.8659808643428,360.6174742296487,228.0248400426527,69.76617710091237,-1.4090153647950467,wet,1,0.0
2026-08-01,Dhanmondi 12/A Road,471.1320626758505,139.17643435512343,1.0,387.9017217420755,0.9716524289915204,399.21859933461946,387.9017217420755,471.1320626758505,331.9556283207271,73.4904251701609,1.4404017966166085,wet,1,28211.232900000057
2026-09-01,Dhanmondi 12/A Road,205.38346380045945,-265.74859887539105,1.0,336.1570515990124,1.121218931293684,299.81392769666127,336.1570515990124,471.1320626758505,205.38346380045945,132.92410774284272,0.1420924820192957,wet,1,0.0
2026-10-01,Dhanmondi 12/A Road,272.6789443341683,67.29548053370885,1.0,316.3981569368261,1.1912384502793916,265.60438580757574,316.3981569368261,471.1320626758505,205.38346380045945,138.1633331025481,1.2813636239225634,transition,1,0.0
2026-11-01,Dhanmondi 12/A Road,23.200430800538093,-249.4785135336302,1.0,167.08761297838865,1.305561505002466,127.98141821596758,167.08761297838865,272.6789443341683,23.200430800538093,129.07289150467318,-1.2176136050652573,transition,0,0.0
2026-12-01,Dhanmondi 12/A Road,0.0,-23.200430800538093,1.0,98.6264583782355,2.211811709092797,44.59080217939909,98.6264583782355,272.6789443341683,0.0,151.17958161707142,1.686273444274007,dry,0,0.0
2026-01-01,Dhanmondi 15 Road,7.217586548864079,0.0,0.0,7217.586548864079,800.0,9.0219831860801,7.217586548864079,7.217586548864079,7.217586548864079,0.0,0.0,dry,0,0.0
2026-02-01,Dhanmondi 15 Road,0.0,-7.217586548864079,0.0,3608.79327443204,1600.0,2.255495796520025,3.60879327443204,7.217586548864079,0.0,5.103604392502601,0.0,dry,0,0.0
2026-03-01,Dhanmondi 15 Road,0.0,0.0,0.0,2405.8621829546933,2400.0000000000005,1.002442576231122,2.405862182954693,7.217586548864079,0.0,4.167075536886098,1.7320508075688774,transition,0,0.0
2026-04-01,Dhanmondi 15 Road,73.36032590305616,73.36032590305616,3.0,8.151147322561796,0.7999999999999999,10.188934153202243,24.45344196768539,73.36032590305616,0.0,42.35460390796815,1.7320508075688763,transition,0,0.0
2026-05-01,Dhanmondi 15 Road,347.2645730405501,273.90424713749394,1.0,140.20829964786876,1.9814209225142896,70.76149144017005,140.20829964786876,347.2645730405501,0.0,183.02912232101,1.4243026616344778,transition,0,0.0
2026-06-01,Dhanmondi 15 Road,316.5751155915531,-30.689457448997015,1.0,245.73333817838645,1.130541181314059,217.3590332134243,245.73333817838645,347.2645730405501,73.36032590305616,150.06599288407023,-1.650912455856686,wet,1,0.0
2026-07-01,Dhanmondi 15 Road,300.64425640289875,-15.930859188654324,1.0,321.4946483450006,0.8641252968364075,372.0463334680787,321.4946483450006,347.2645730405501,300.64425640289875,23.69630419987268,0.8939678356754543,wet,1,0.0
2026-08-01,Dhanmondi 15 Road,295.52346795745063,-5.120788445448113,1.0,304.2476133173008,0.8324143933681961,365.5001832515468,304.2476133173008,316.5751155915531,295.52346795745063,10.97866580313992,1.317859416871309,wet,1,0.0
2026-09-01,Dhanmondi 15 Road,104.79314456679188,-190.73032339065875,1.0,233.65362297571377,1.0293673261266676,226.9876039828389,233.65362297571377,300.64425640289875,104.79314456679188,111.62581596748994,-1.7279510110853176,wet,0,0.0
2026-10-01,Dhanmondi 15 Road,242.17243755986635,137.37929299307447,1.0,214.16301669470292,1.1039197057211048,194.0023496136496,214.16301669470292,295.52346795745063,104.79314456679188,98.40177746401594,-1.1771149246983743,transition,1,0.0
2026-11-01,Dhanmondi 15 Road,21.895521038612927,-220.27691652125344,1.0,122.9537010550904,1.575698400173308,78.03124064958558,122.9537010550904,242.17243755986635,21.895521038612927,111.25571601945376,0.7149746671764325,transition,0,0.0
2026-12-01,Dhanmondi 15 Road,105.57623833894876,83.68071730033584,1.0,123.21473231247604,1.572360272281144,78.36291369389468,123.21473231247604,242.17243755986635,21.895521038612927,111.1927036287384,0.6958722572413691,dry,0,0.0
2026-01-01,Dhanmondi 16 Road,7.617961661772777,0.0,0.0,7617.961661772777,800.0,9.522452077215972,7.617961661772777,7.617961661772777,7.617961661772777,0.0,0.0,dry,0,0.0
2026-02-01,Dhanmondi 16 Road,7.25761813189712,-0.3603435298756574,1.0,7.437789896834948,0.8193790647422831,9.077349198779364,7.437789896834948,7.617961661772777,7.25761813189712,0.2548013535317743,0.0,dry,0,0.0
2026-03-01,Dhanmondi 16 Road,0.0,-7.25761813189712,1.0,4.958526597889965,1.2290685971134248,4.034377421679717,4.958526597889965,7.617961661772777,0.0,4.297988062031756,-1.7183641324635894,transition,0,0.0
2026-04-01,Dhanmondi 16 Road,64.63046102749267,64.63046102749267,2.0,11.981346526564964,1.078851377584221,11.105650672100694,23.96269305312993,64.63046102749267,0.0,35.4057731062261,1.6505346942796295,transition,0,0.0
2026-05-01,Dhanmondi 16 Road,283.49622757569347,218.8657665482008,1.0,116.0422295343954,1.9544348895272756,59.37380168364823,116.0422295343954,283.49622757569347,0.0,148.57626061443284,1.37068724412431,transition,0,0.0
2026-06-01,Dhanmondi 16 Road,611.8069951189802,328.3107675432868,1.0,319.9778945740555,1.529623153332885,209.18740271213724,319.9778945740555,611.8069951189802,64.63046102749267,275.4064703040358,0.5856320882268962,wet,1,26065.817850000054
2026-07-01,Dhanmondi 16 Road,289.3528240948773,-322.4541710241029,1.0,394.8853489298504,1.2394625362060017,318.59401748325166,394.8853489298504,611.8069951189802,283.49622757569347,187.88247754846296,1.73015764791272,wet,1,0.0
2026-08-01,Dhanmondi 16 Road,378.8712225422052,89.51839844732785,1.0,426.6770139186876,1.1471102968496412,371.9581413317353,426.6770139186876,611.8069951189802,289.3528240948773,166.45785763838,1.1857794666188382,wet,1,0.0
2026-09-01,Dhanmondi 16 Road,291.8364783896265,-87.0347441525787,1.0,320.020175008903,0.947118343477351,337.88826624764425,320.020175008903,378.8712225422052,289.3528240948773,50.98162886265242,1.727427416477089,wet,1,0.0
2026-10-01,Dhanmondi 16 Road,207.25918275916,-84.57729563046655,1.0,292.6556278969972,1.03567794069705,282.57397053376366,292.6556278969972,378.8712225422052,207.25918275916,85.80895235382485,0.042953989779706,transition,1,0.0
2026-11-01,Dhanmondi 16 Road,52.427460514496175,-154.83172224466378,1.0,183.84104055442756,1.2699513776010254,144.76226712057948,183.84104055442756,291.8364783896265,52.427460514496175,121.4103640478212,-0.8356863815390454,transition,0,0.0
2026-12-01,Dhanmondi 16 Road,87.45285669350619,35.025396179010016,1.0,115.71316665572078,1.4329168494770477,80.7535808501038,115.71316665572078,207.25918275916,52.427460514496175,81.19236043300238,1.3765405588762325,dry,0,0.0
2026-01-01,Dhanmondi 19 Road,12.005039003718988,0.0,0.0,12005.039003718988,800.0,15.006298754648736,12.005039003718988,12.005039003718988,12.005039003718988,0.0,0.0,dry,0,0.0
2026-02-01,Dhanmondi 19 Road,0.8007355563757637,-11.204303447343223,1.0,6.402887280047375,1.499953190321372,4.268724731786815,6.402887280047375,12.005039003718988,0.8007355563757637,7.922638946088205,0.0,dry,0,0.0
2026-03-01,Dhanmondi 19 Road,81.9802778359612,81.17954227958543,1.0,31.59535079868532,2.0757554706908943,15.22113333906769,31.59535079868532,81.9802778359612,0.8007355563757637,43.992780752627446,1.606515926322303,transition,0,0.0
2026-04-01,Dhanmondi 19 Road,10.880033179998192,-71.10024465596301,1.0,31.22034885744505,2.1006883224858406,14.861961445332634,31.22034885744505,81.9802778359612,0.8007355563757637,44.24732593699186,1.6314877184684533,transition,0,0.0
2026-05-01,Dhanmondi 19 Road,333.0101235325328,322.13009035253464,1.0,141.95681151616407,1.8766841547134316,75.64235631213117,141.95681151616407,333.0101235325328,10.880033179998192,169.2330854822792,1.3944995791038286,transition,0,0.0
2026-06-01,Dhanmondi 19 Road,576.6675096590334,243.65738612650057,1.0,306.85255545718815,1.5034387021475912,204.1004764736093,306.85255545718815,576.6675096590334,10.880033179998192,283.7992792641323,-0.4112381751565365,wet,0,0.0
2026-07-01,Dhanmondi 19 Road,171.86842946557437,-404.799080193459,1.0,360.51535421904686,1.2796514831568675,281.729329402772,360.51535421904686,576.6675096590334,171.86842946557437,203.796410953938,0.5962762504125707,wet,1,0.0
2026-08-01,Dhanmondi 19 Road,258.84664194470827,86.9782124791339,1.0,335.79419368977204,1.3738593948215685,244.41671029471232,335.79419368977204,576.6675096590334,171.86842946557437,213.08746589378987,1.4130889963599358,wet,1,0.0
2026-09-01,Dhanmondi 19 Road,309.24301029727684,50.39636835256857,1.0,246.6526939025198,1.003007120350345,245.9132033044445,246.6526939025198,309.24301029727684,171.86842946557437,69.49433891557769,-0.7652898326008921,wet,1,0.0
2026-10-01,Dhanmondi 19 Road,259.0030104233975,-50.23999987387936,1.0,275.6975542217942,0.8973398728042279,307.2387203303769,275.6975542217942,309.24301029727684,258.84664194470827,29.05132234958294,1.7319943556835773,transition,1,0.0
2026-11-01,Dhanmondi 19 Road,1.1400709230229822,-257.8629395003745,1.0,189.79536388123245,1.3034797224690513,145.60668693926598,189.79536388123245,309.24301029727684,1.1400709230229822,165.30011817204706,-1.553794908013625,transition,0,0.0
2026-12-01,Dhanmondi 19 Road,46.87154966653703,45.731478743514046,1.0,102.33821033765248,2.024682742204293,50.54530678037775,102.33821033765248,259.0030104233975,1.1400709230229822,137.58901382903707,1.5192778884934304,dry,0,0.0
2026-01-01,Dhanmondi 2 Road,1.023277069624581,0.0,0.0,1023.2770696245808,800.0,1.2790963370307262,1.023277069624581,1.023277069624581,1.023277069624581,0.0,0.0,dry,0,0.0
2026-02-01,Dhanmondi 2 Road,8.691134871825035,7.667857802200454,1.0,4.857205970724808,1.431462437328449,3.3931773856321747,4.857205970724808,8.691134871825035,1.023277069624581,5.421994249110118,0.0,dry,0,0.0
2026-03-01,Dhanmondi 2 Road,0.0,-8.691134871825035,1.0,3.2381373138165386,2.1471936559926736,1.5080788380587444,3.2381373138165386,8.691134871825035,0.0,4.750069553810747,1.6420618043987047,transition,0,0.0
2026-04-01,Dhanmondi 2 Road,80.34956000611545,80.34956000611545,2.0,14.840115812990083,1.0828697163641083,13.704433311532544,29.680231625980166,80.34956000611545,0.0,44.09557330629177,1.6566612600149306,transition,0,0.0
2026-05-01,Dhanmondi 2 Road,221.36078604833585,141.0112260422204,1.0,100.57011535148376,1.7608474268897814,57.11461073553811,100.57011535148376,221.36078604833585,0.0,112.05713963795706,0.7855780428568764,transition,0,0.0
2026-06-01,Dhanmondi 2 Road,256.9249411891925,35.564155140856656,1.0,186.21176241454796,1.1037968294063902,168.70112094332666,186.21176241454796,256.9249411891925,80.34956000611545,93.38793662349372,-1.4537667290270455,wet,1,0.0
2026-07-01,Dhanmondi 2 Road,229.10074419662223,-27.82419699257028,1.0,235.7954904780502,0.8716873784763386,270.5046514384637,235.7954904780502,256.9249411891925,221.36078604833585,18.70339550857686,1.4043694259813626,wet,1,0.0
2026-08-01,Dhanmondi 2 Road,593.340169789209,364.2394255925867,1.0,359.78861839167456,1.3193083704349635,272.71002477840386,359.78861839167456,593.340169789209,229.10074419662223,202.73946792550456,1.6954215628281382,wet,1,28322.34465000004
2026-09-01,Dhanmondi 2 Road,294.5847891852102,-298.7553806039988,1.0,372.3419010570138,1.274828684292194,292.0721079191469,372.3419010570138,593.340169789209,229.10074419662223,194.1705851152216,1.513069957866649,wet,1,0.0
2026-10-01,Dhanmondi 2 Road,215.89093617659327,-78.69385300861691,1.0,367.93863171700417,1.2900850710247134,285.2049372408836,367.93863171700417,593.340169789209,215.89093617659327,199.1295323384308,1.4327323879859375,transition,1,0.0
2026-11-01,Dhanmondi 2 Road,46.32896359976949,-169.5619725768238,1.0,185.601562987191,1.2697513294348304,146.17158390360004,185.601562987191,294.5847891852102,46.32896359976949,126.86931595319778,-1.0131140691853784,transition,0,0.0
2026-12-01,Dhanmondi 2 Road,0.0,-46.32896359976949,1.0,87.40663325878758,1.9759684420050656,44.23483260192852,87.40663325878758,215.89093617659327,0.0,113.6563033415349,1.4139439601988348,dry,0,0.0
2026-01-01,Dhanmondi 20 Road,3.482054616612184,0.0,0.0,3482.0546166121835,800.0,4.35256827076523,3.482054616612184,3.482054616612184,3.482054616612184,0.0,0.0,dry,0,0.0
2026-02-01,Dhanmondi 20 Road,2.004439118964111,-1.4776154976480729,1.0,2.743246867788147,1.0154549800090664,2.701495311750457,2.743246867788147,3.482054616612184,2.004439118964111,1.0448319383732871,0.0,dry,0,0.0
2026-03-01,Dhanmondi 20 Road,4.392669275559758,2.3882301565956467,1.0,3.293054337045351,1.0671355710458206,3.0858818939172576,3.293054337045351,4.392669275559758,2.004439118964111,1.205280734715142,-0.6882943474624768,transition,0,0.0
2026-04-01,Dhanmondi 20 Road,33.7834657594111,29.390796483851343,1.0,13.393524717978323,2.017898437985518,6.637363142690756,13.393524717978323,33.7834657594111,2.004439118964111,17.698536170402534,1.6966375883084788,transition,0,0.0
2026-05-01,Dhanmondi 20 Road,270.5841667316435,236.8007009722324,1.0,102.92010058887143,2.103256138954076,48.93369793754764,102.92010058887143,270.5841667316435,4.392669275559758,145.94308492057675,1.6533596680465097,transition,0,0.0
2026-06-01,Dhanmondi 20 Road,338.4461096655077,67.86194293386421,1.0,214.27124738552075,1.2636174523465364,169.5697119311064,214.27124738552075,338.4461096655077,33.7834657594111,159.94746109871662,-1.387937781302485,wet,0,0.0
2026-07-01,Dhanmondi 20 Road,358.3931193656684,19.947009700160663,1.0,322.4744652542732,0.8891075926475558,362.69453542064485,322.4744652542732,358.3931193656684,270.5841667316435,46.03176196465126,-1.3733953553849307,wet,1,0.0
2026-08-01,Dhanmondi 20 Road,451.5676418560509,93.17452249038246,1.0,382.8022902957423,0.9437093837807132,405.6357782118789,382.8022902957423,451.5676418560509,338.4461096655077,60.38191766087111,1.5218387865629963,wet,1,29162.510400000072
2026-09-01,Dhanmondi 20 Road,298.0177078917378,-153.54993396431303,1.0,369.3261563711523,0.9781438635009656,377.578565027503,369.3261563711523,451.5676418560509,298.0177078917378,77.35660300668395,0.6232942132040726,wet,1,0.0
2026-10-01,Dhanmondi 20 Road,411.23213164052737,113.21442374878956,1.0,386.939160462772,0.9336199340815944,414.45040571397567,386.939160462772,451.5676418560509,298.0177078917378,79.6053194930696,-1.245367073749608,transition,1,29065.944000000083
2026-11-01,Dhanmondi 20 Road,25.627265356714204,-385.6048662838132,1.0,244.95903496299312,1.3430233563833358,182.393726660607,244.95903496299312,411.23213164052737,25.627265356714204,198.20240993781837,-1.118318817761871,transition,0,0.0
2026-12-01,Dhanmondi 20 Road,204.33476266870863,178.70749731199447,1.0,213.73138655531676,1.539248449255139,138.85437835506278,213.73138655531676,411.23213164052737,25.627265356714204,192.9740931596496,0.2186021256098499,dry,0,0.0
2026-01-01,Dhanmondi 21 Road,10.645165774629952,0.0,0.0,10645.165774629952,800.0,13.30645721828744,10.645165774629952,10.645165774629952,10.645165774629952,0.0,0.0,dry,0,0.0
2026-02-01,Dhanmondi 21 Road,1.204646854349364,-9.440518920280589,1.0,5.924906314489657,1.4373446882826366,4.122119323771137,5.924906314489657,10.645165774629952,1.204646854349364,6.675454946450308,0.0,dry,0,0.0
2026-03-01,Dhanmondi 21 Road,0.0,-1.204646854349364,1.0,3.949937542993105,2.156017032423955,1.832053032787172,3.949937542993105,10.645165774629952,0.0,5.829438593570032,1.6492111788184138,transition,0,0.0
2026-04-01,Dhanmondi 21 Road,84.52247815972599,84.52247815972599,2.0,14.28785416901256,1.1831374699083643,12.07624179979624,28.57570833802512,84.52247815972599,0.0,48.45506767741335,1.730846530880491,transition,0,0.0
2026-05-01,Dhanmondi 21 Road,256.82317710703813,172.30069894731213,1.0,113.78188508892138,1.805722778499083,63.01182354441854,113.78188508892138,256.82317710703813,0.0,130.88781740568697,0.9556852966121157,transition,0,0.0
2026-06-01,Dhanmondi 21 Road,386.4752671268048,129.6520900197666,1.0,242.60697413118965,1.2744077733489008,190.368404214661,242.60697413118965,386.4752671268048,84.52247815972599,151.47754622892862,-0.4186062562319613,wet,1,0.0
2026-07-01,Dhanmondi 21 Road,387.3230837909472,0.8478166641424423,1.0,343.54050934159665,0.9019561262996572,380.8838360586311,343.54050934159665,387.3230837909472,256.82317710703813,75.10060905667231,-1.7318024803280054,wet,1,0.0
2026-08-01,Dhanmondi 21 Road,327.0942931754986,-60.22879061544859,1.0,366.96421469775015,0.8443833339116527,434.5943364345765,366.96421469775015,387.3230837909472,327.0942931754986,34.53096697048758,-1.7308762554463335,wet,1,0.0
2026-09-01,Dhanmondi 21 Road,186.63254453083687,-140.46174864466167,1.0,300.3499738324276,1.031658045709154,291.1332636639006,300.3499738324276,387.3230837909472,186.63254453083687,102.98357684588169,-1.0898134940960824,wet,1,0.0
2026-10-01,Dhanmondi 21 Road,180.3318607855162,-6.300683745320725,1.0,231.35289949728397,1.1310661552502863,204.54409180521304,231.35289949728397,327.0942931754986,180.3318607855162,82.97430627308574,1.7208218295974966,transition,1,0.0
2026-11-01,Dhanmondi 21 Road,22.16445643906693,-158.16740434644927,1.0,129.70962058514002,1.151079117733342,112.68523473917143,129.70962058514002,186.63254453083687,22.16445643906693,93.1901089296446,-1.7231476928369174,transition,0,0.0
2026-12-01,Dhanmondi 21 Road,93.65646057971102,71.4920041406441,1.0,98.71759260143138,1.4613959358883428,67.55020332078838,98.71759260143138,180.3318607855162,22.16445643906693,79.20507081260196,0.2863718322456634,dry,0,0.0
2026-01-01,Dhanmondi 24 Road,0.0,0.0,0.0,0.0,0.0,0.0,0.0,0.0,0.0,0.0,0.0,dry,0,0.0
2026-02-01,Dhanmondi 24 Road,11.495782223856754,11.495782223856754,0.0,5747.891111928377,1600.0,3.5924319449552358,5.747891111928377,11.495782223856754,0.0,8.12874556553288,0.0,dry,0,0.0
2026-03-01,Dhanmondi 24 Road,3.3803142768623538,-8.1154679469944,1.0,4.958698833573036,1.8546449558136788,2.673664745389249,4.958698833573036,11.495782223856754,0.0,5.908191397647195,1.1163835440879444,transition,0,0.0
2026-04-01,Dhanmondi 24 Road,126.24063948724144,122.8603252103791,1.0,47.03891199598686,2.146999309814168,21.90914164758548,47.03891199598686,126.24063948724144,3.3803142768623538,68.71062824046138,1.7049076493133868,transition,0,0.0
2026-05-01,Dhanmondi 24 Road,204.191209823828,77.95057033658654,1.0,111.27072119597726,1.4680678448318358,75.79399112084162,111.27072119597726,204.191209823828,3.3803142768623538,101.23896375817432,-0.6508534119988204,transition,0,0.0
2026-06-01,Dhanmondi 24 Road,253.01306234465972,48.82185252083176,1.0,194.4816372185764,1.0407689526401935,186.86341163927,194.4816372185764,253.01306234465972,126.24063948724144,63.94152523530781,-0.667572009770789,wet,1,0.0
2026-07-01,Dhanmondi 24 Road,437.4092477472613,184.3961854026016,1.0,298.20450663858304,1.1734477192925623,254.1267938365093,298.20450663858304,437.4092477472613,204.191209823828,123.00147674415165,1.4301482795157976,wet,1,28193.373700000047
2026-08-01,Dhanmondi 24 Road,166.93585228550307,-270.47339546175823,1.0,285.78605412580805,1.224438327714077,233.40175463091435,285.78605412580805,437.4092477472613,166.93585228550307,138.18290833481748,1.007235859880309,wet,1,0.0
2026-09-01,Dhanmondi 24 Road,325.8004086252423,158.86455633973924,1.0,310.0485028860022,1.1286214735456066,274.71433970857674,310.0485028860022,437.4092477472613,166.93585228550307,135.92297934479876,-0.5144943117097538,wet,1,0.0
2026-10-01,Dhanmondi 24 Road,399.8448492581574,74.0444406329151,1.0,297.5270367229676,1.0751153338187809,276.73964584446907,297.5270367229676,399.8448492581574,166.93585228550307,119.00078943748748,-1.0088014547318545,transition,1,0.0
2026-11-01,Dhanmondi 24 Road,0.0581498984977137,-399.7866993596597,1.0,241.90113592729915,1.322341369668728,182.9339544809825,241.90113592729915,399.8448492581574,0.0581498984977137,212.68913281043672,-1.498893060559647,transition,0,0.0
2026-12-01,Dhanmondi 24 Road,53.76431313351595,53.70616323501824,1.0,151.22243743005703,2.1152673164289792,71.49093462350311,151.22243743005703,399.8448492581574,0.0581498984977137,216.98137187273184,1.6134395065233111,dry,0,0.0
2026-01-01,Dhanmondi 25 Road,7.260596599448621,0.0,0.0,7260.5965994486205,800.0,9.075745749310776,7.260596599448621,7.260596599448621,7.260596599448621,0.0,0.0,dry,0,0.0
2026-02-01,Dhanmondi 25 Road,0.0,-7.260596599448621,0.0,3630.2982997243103,1600.0,2.268936437327694,3.6302982997243114,7.260596599448621,0.0,5.134017090930107,0.0,dry,0,0.0
2026-03-01,Dhanmondi 25 Road,40.36164230293751,40.36164230293751,2.0,7.937039817064355,1.017045226764805,7.804018551182701,15.87407963412871,40.36164230293751,0.0,21.515334295313888,1.5127986787652428,transition,0,0.0
2026-04-01,Dhanmondi 25 Road,80.72550038984319,40.36385808690568,1.0,40.36238089759357,1.6000146392683412,25.226257252277755,40.36238089759357,80.72550038984319,0.0,40.362750199989904,8.23451309602525e-05,transition,0,0.0
2026-05-01,Dhanmondi 25 Road,194.73232486214656,114.0068244723034,1.0,105.27315585164244,1.4798251142889696,71.13891691331673,105.27315585164244,194.73232486214656,40.36164230293751,80.05946196392044,1.2500607722852233,transition,0,0.0
2026-06-01,Dhanmondi 25 Road,314.30237801013715,119.57005314799056,1.0,196.58673442070892,1.279037993835367,153.69890133694716,196.58673442070892,314.30237801013715,80.72550038984319,116.7994801607422,0.0714278820171876,wet,1,0.0
2026-07-01,Dhanmondi 25 Road,326.2344781884115,11.932100178274368,1.0,278.42306035356506,0.937377752472461,297.0233287692037,278.42306035356506,326.2344781884115,194.73232486214656,72.72343610547443,-1.6797417791690974,wet,1,0.0
2026-08-01,Dhanmondi 25 Road,179.0917578279002,-147.1427203605113,1.0,273.20953800881625,0.955265268016768,286.0038432843144,273.20953800881625,326.2344781884115,179.0917578279002,81.72644102922578,-1.69060742837169,wet,1,0.0
2026-09-01,Dhanmondi 25 Road,342.6841207993772,163.59236297147697,1.0,282.670118938563,0.9698488742599862,291.4579028142357,282.670118938563,342.6841207993772,179.0917578279002,90.07777391390876,-1.667295323784708,wet,1,0.0
2026-10-01,Dhanmondi 25 Road,341.7881848824438,-0.8959359169334107,1.0,287.85468783657376,0.9523808651507728,302.24744991175675,287.85468783657376,342.6841207993772,179.0917578279002,94.19252562356272,-1.7318745165988665,transition,1,0.0
2026-11-01,Dhanmondi 25 Road,51.28933409160274,-290.49885079084106,1.0,245.25387992447452,1.1178102329061006,219.40564928168504,245.25387992447452,342.6841207993772,51.28933409160274,167.97882144903264,-1.731995376060371,transition,0,0.0
2026-12-01,Dhanmondi 25 Road,105.37907282607527,54.08973873447255,1.0,166.15219726670728,1.6456631474276848,100.96367383958112,166.15219726670728,341.7881848824438,51.28933409160274,154.49085755606134,1.4962662209997086,dry,0,0.0
2026-01-01,Dhanmondi 26 Road,0.0,0.0,0.0,0.0,0.0,0.0,0.0,0.0,0.0,0.0,0.0,dry,0,0.0
2026-02-01,Dhanmondi 26 Road,0.5808181857927339,0.5808181857927339,0.0,290.40909289636693,1600.0,0.1815056830602293,0.2904090928963669,0.5808181857927339,0.0,0.4107004778105102,0.0,dry,0,0.0
2026-03-01,Dhanmondi 26 Road,51.93236153136896,51.35154334557622,1.0,17.504393239053897,2.373454975428825,7.375068589995595,17.504393239053897,51.93236153136896,0.0,29.81690943061881,1.7313114557549316,transition,0,0.0
2026-04-01,Dhanmondi 26 Road,85.74626237432962,33.81390084296066,1.0,46.08648069716377,1.4884410539007649,30.96291961067904,46.08648069716377,85.74626237432962,0.5808181857927339,42.88261842522554,-0.6020524745579082,transition,0,0.0
2026-05-01,Dhanmondi 26 Road,326.2585435422839,240.5122811679543,1.0,154.64572248266083,1.687772740452564,91.6271004834417,154.64572248266083,326.2585435422839,51.93236153136896,149.5796284143869,1.6330055222170548,transition,0,0.0
2026-06-01,Dhanmondi 26 Road,790.796586561067,464.5380430187831,1.0,400.9337974925602,1.5779095531615617,254.09174859815857,400.9337974925602,790.796586561067,85.74626237432962,358.4079868995103,0.8968855025012155,wet,1,26120.15265000005
2026-07-01,Dhanmondi 26 Road,401.6967299588063,-389.09985660226073,1.0,506.250620020719,1.249652334693362,405.1131710524448,506.250620020719,790.796586561067,326.2585435422839,249.29407393325477,1.555330419989909,wet,1,28275.923300000057
2026-08-01,Dhanmondi 26 Road,494.2174976398653,92.52076768105906,1.0,562.2369380532463,1.125214702967346,499.6708064430282,562.2369380532463,790.796586561067,401.6967299588063,203.27237344899345,1.337192325066241,wet,1,28188.024800000047
2026-09-01,Dhanmondi 26 Road,419.9227551029015,-74.29474253696384,1.0,438.612327567191,0.901420168249432,486.579225777676,438.612327567191,494.2174976398653,401.6967299588063,49.0101846787643,1.4664860641268775,wet,1,28686.634150000085
2026-10-01,Dhanmondi 26 Road,348.8361733994103,-71.08658170349116,1.0,420.9921420473924,0.939148166018224,448.2702062149617,420.9921420473924,494.2174976398653,348.8361733994103,72.6965614785519,0.0661819461593692,transition,1,0.0
2026-11-01,Dhanmondi 26 Road,24.66354093970008,-324.17263245971026,1.0,264.4741564806706,1.2702118367730708,208.21263731296824,264.4741564806706,419.9227551029015,24.66354093970008,210.7016232001457,-1.5129028432602862,transition,0,0.0
2026-12-01,Dhanmondi 26 Road,87.87069428293793,63.207153343237856,1.0,153.79013620734943,1.8146088273390315,84.75112315686765,153.79013620734943,348.8361733994103,24.66354093970008,171.8458714275208,1.4721821868352034,dry,0,0.0
2026-01-01,Dhanmondi 27 Road,7.489773004553309,0.0,0.0,7489.773004553309,800.0,9.362216255691637,7.489773004553309,7.489773004553309,7.489773004553309,0.0,0.0,dry,0,0.0
2026-02-01,Dhanmondi 27 Road,0.0,-7.489773004553309,0.0,3744.8865022766554,1600.0,2.340554063922909,3.744886502276655,7.489773004553309,0.0,5.296069281067587,0.0,dry,0,0.0
2026-03-01,Dhanmondi 27 Road,0.0,0.0,0.0,2496.5910015177697,2400.0,1.040246250632404,2.49659100151777,7.489773004553309,0.0,4.324222460348046,1.7320508075688767,transition,0,0.0
2026-04-01,Dhanmondi 27 Road,43.69154991118991,43.69154991118991,3.0,4.854616656798879,0.7999999999999999,6.0682708209986,14.563849970396635,43.69154991118991,0.0,25.22532810253746,1.732050807568877,transition,0,0.0
2026-05-01,Dhanmondi 27 Road,182.60611221886484,138.91456230767494,1.0,75.43255404335157,1.9366292395606275,38.950436409018245,75.43255404335157,182.60611221886484,0.0,95.35127981527354,1.3319872197456846,transition,0,0.0
2026-06-01,Dhanmondi 27 Road,334.98033943742377,152.37422721855893,1.0,187.09266718915947,1.4323611693396532,130.61836022503522,187.09266718915947,334.98033943742377,43.69154991118991,145.69621342897264,0.1384411571828522,wet,1,0.0
2026-07-01,Dhanmondi 27 Road,184.01350707186117,-150.96683236556262,1.0,233.86665290938325,1.1458849229512658,204.09261717751875,233.86665290938325,334.98033943742377,182.60611221886484,87.56984864972753,1.7315475107528726,wet,1,0.0
2026-08-01,Dhanmondi 27 Road,141.8424493488934,-42.17105772296773,1.0,220.27876528605944,1.2165687927382742,181.0656056615197,220.27876528605944,334.98033943742377,141.8424493488934,101.54771224389629,1.4021013972319325,wet,1,0.0
2026-09-01,Dhanmondi 27 Road,486.2058165927261,344.3633672438327,1.0,270.68725767116024,1.4369522105348156,188.3759638536718,270.68725767116024,486.2058165927261,141.8424493488934,187.83180363583224,1.6343471710458553,wet,1,26141.485650000057
2026-10-01,Dhanmondi 27 Road,280.604297269375,-205.6015193233511,1.0,302.88418773699823,1.2842025732024298,235.8539019133817,302.88418773699823,486.2058165927261,141.8424493488934,173.25942200733175,0.5690981040771167,transition,1,0.0
2026-11-01,Dhanmondi 27 Road,31.95248921279036,-248.65180805658463,1.0,266.25420102496383,1.4608770557491104,182.25640547721085,266.25420102496383,486.2058165927261,31.95248921279036,227.46640478453887,-0.2827601185954939,transition,0,0.0
2026-12-01,Dhanmondi 27 Road,0.0,-31.95248921279036,1.0,104.18559549405514,2.154649467145476,48.35384923751999,104.18559549405514,280.604297269375,0.0,153.61610964931486,1.6481275476834691,dry,0,0.0
2026-01-01,Dhanmondi 28 Road,0.0,0.0,0.0,0.0,0.0,0.0,0.0,0.0,0.0,0.0,0.0,dry,0,0.0
2026-02-01,Dhanmondi 28 Road,6.0019357277023095,6.0019357277023095,0.0,3000.9678638511546,1600.0,1.875604914906972,3.0009678638511548,6.0019357277023095,0.0,4.244009453304119,0.0,dry,0,0.0
2026-03-01,Dhanmondi 28 Road,18.071935013768787,12.069999286066476,1.0,8.024623580490365,1.801648122930592,4.45404598065319,8.024623580490365,18.071935013768787,0.0,9.204192435940962,0.9411499937477888,transition,0,0.0
2026-04-01,Dhanmondi 28 Road,68.86644201060385,50.79450699683506,1.0,30.98010425069165,1.7783398391002216,17.42080088942196,30.98010425069165,68.86644201060385,6.0019357277023095,33.36093767169956,1.4804905383847125,transition,0,0.0
2026-05-01,Dhanmondi 28 Road,495.4594495809636,426.5930075703597,1.0,194.13260886844537,2.0417361203514792,95.08212492955552,194.13260886844537,495.4594495809636,18.071935013768787,262.1896626215522,1.6592039990686789,transition,0,0.0
2026-06-01,Dhanmondi 28 Road,53.964851486420486,-441.4945980945431,1.0,206.0969143593293,1.9232095778673584,107.16300331026302,206.0969143593293,495.4594495809636,53.964851486420486,250.70604688051756,1.7251692159905303,wet,0,0.0
2026-07-01,Dhanmondi 28 Road,418.6781323538933,364.7132808674728,1.0,322.70081114042574,1.2282818821062351,262.7253693484954,322.70081114042574,495.4594495809636,53.964851486420486,235.87730852532292,-1.5278763315392785,wet,1,26003.229800000052
2026-08-01,Dhanmondi 28 Road,114.12507511787726,-304.55305723601606,1.0,195.5893529860637,1.7124782140210892,114.2142138712516,195.5893529860637,418.6781323538933,53.964851486420486,195.5281712099764,1.5494152723762875,wet,0,0.0
2026-09-01,Dhanmondi 28 Road,235.19530546011217,121.07023034223492,1.0,255.9995043106276,1.308371696988516,195.6626736116828,255.9995043106276,418.6781323538933,114.12507511787726,153.33868456886498,0.5992981518746695,wet,1,0.0
2026-10-01,Dhanmondi 28 Road,382.8724245257944,147.67711906568226,1.0,244.06426836792795,1.2549888669442184,194.47524579417333,244.06426836792795,382.8724245257944,114.12507511787726,134.59300996240646,0.2952384979120157,transition,1,0.0
2026-11-01,Dhanmondi 28 Road,31.89063964507147,-350.98178488072296,1.0,216.65278987699267,1.4137733457969317,153.24435880835438,216.65278987699267,382.8724245257944,31.89063964507147,176.22406757485538,-0.4682532859254939,transition,0,0.0
2026-12-01,Dhanmondi 28 Road,0.0,-31.89063964507147,1.0,138.25435472362196,2.215466849004083,62.404163161263874,138.25435472362196,382.8724245257944,0.0,212.4447064050981,1.6882455912010306,dry,0,0.0
2026-01-01,Dhanmondi 29 Road,0.0,0.0,0.0,0.0,0.0,0.0,0.0,0.0,0.0,0.0,0.0,dry,0,0.0
2026-02-01,Dhanmondi 29 Road,13.088890349415252,13.088890349415252,0.0,6544.4451747076255,1600.0,4.090278234192266,6.544445174707626,13.088890349415252,0.0,9.255243124278683,0.0,dry,0,0.0
2026-03-01,Dhanmondi 29 Road,9.779333309454469,-3.309557039960783,1.0,7.62274121962324,1.3736675531600615,5.549189250403025,7.62274121962324,13.088890349415252,0.0,6.80572771466769,-1.2827719801992703,transition,0,0.0
2026-04-01,Dhanmondi 29 Road,74.1262225547561,64.34688924530163,1.0,32.331482071208605,1.8341558829006728,17.627445067579075,32.331482071208605,74.1262225547561,9.779333309454469,36.233113874127646,1.7158078993443893,transition,0,0.0
2026-05-01,Dhanmondi 29 Road,282.1180354796109,207.9918129248548,1.0,122.00786378127384,1.849835095779532,65.95607579272301,122.00786378127384,282.1180354796109,9.779333309454469,142.3431798501074,1.342436497894593,transition,0,0.0
2026-06-01,Dhanmondi 29 Road,210.5629207866712,-71.55511469293972,1.0,188.9357262736794,1.1945566507456784,158.1638896369963,188.9357262736794,282.1180354796109,74.1262225547561,105.66905988897146,-0.882430433070884,wet,1,0.0
2026-07-01,Dhanmondi 29 Road,633.236384758623,422.67346397195183,1.0,375.305780341635,1.3498036383712455,278.04472419003224,375.305780341635,633.236384758623,210.5629207866712,226.22153109477557,1.5391430279008724,wet,1,28322.34465000004
2026-08-01,Dhanmondi 29 Road,424.8388413979555,-208.3975433606675,1.0,422.87938231441655,1.1979517777252204,353.00200740752547,422.87938231441655,633.236384758623,210.5629207866712,211.34354472383885,-0.0417178955380167,wet,1,28199.419300000052
2026-09-01,Dhanmondi 29 Road,33.979309615928855,-390.8595317820266,1.0,364.01817859083576,1.391658817062308,261.57142406445,364.01817859083576,633.236384758623,33.979309615928855,304.2229861390608,-0.8636884344913595,wet,0,0.0
2026-10-01,Dhanmondi 29 Road,312.6703127297966,278.69100311386774,1.0,257.1628212478936,1.32161823186231,194.5817748636246,257.1628212478936,424.8388413979555,33.979309615928855,201.2550734867979,-1.1467180969887885,transition,0,0.0
2026-11-01,Dhanmondi 29 Road,18.065414181853328,-294.60489854794326,1.0,121.57167884252624,2.0575207364524664,59.086490205750025,121.57167884252624,312.6703127297966,18.065414181853328,165.6874434655729,1.7140923433568735,transition,0,0.0
2026-12-01,Dhanmondi 29 Road,93.4209753858216,75.35556120396826,1.0,141.38556743249046,1.7691781044290371,79.9159604556148,141.38556743249046,312.6703127297966,18.065414181853328,153.0472578315715,1.2717722740617377,dry,0,0.0
2026-01-01,Dhanmondi 30 Road,0.0,0.0,0.0,0.0,0.0,0.0,0.0,0.0,0.0,0.0,0.0,dry,0,0.0
2026-02-01,Dhanmondi 30 Road,6.946038001798038,6.946038001798038,0.0,3473.019000899019,1600.0,2.170636875561887,3.473019000899019,6.946038001798038,0.0,4.911590573450849,0.0,dry,0,0.0
2026-03-01,Dhanmondi 30 Road,51.59226799873325,44.64622999693521,1.0,19.51276866684376,2.1152208127757577,9.224932238274256,19.51276866684376,51.59226799873325,0.0,27.997902939669054,1.6128901419274542,transition,0,0.0
2026-04-01,Dhanmondi 30 Road,99.50179635419622,47.90952835546297,1.0,52.6800341182425,1.5110361717816714,34.86351624271653,52.6800341182425,99.50179635419622,6.946038001798038,46.28746620193144,0.1056926345604844,transition,0,0.0
2026-05-01,Dhanmondi 30 Road,164.9804706370708,65.47867428287458,1.0,105.3581783300001,1.252720753165062,84.10348281036086,105.3581783300001,164.9804706370708,51.59226799873325,56.92050625014736,0.4580905363348029,transition,0,0.0
2026-06-01,Dhanmondi 30 Road,251.4106173240976,86.43014668702682,1.0,171.96429477178822,1.169594502894879,147.0289868378802,171.96429477178822,251.4106173240976,99.50179635419622,76.19483461347549,0.4089934182947481,wet,1,0.0
2026-07-01,Dhanmondi 30 Road,247.75889309253196,-3.65172423156568,1.0,221.3833270179001,0.9085078653778462,243.67794210105967,221.3833270179001,251.4106173240976,164.9804706370708,48.880419683173685,-1.7211818823288416,wet,1,0.0
2026-08-01,Dhanmondi 30 Road,246.81002391155016,-0.9488691809817738,1.0,248.6598447760599,0.8088499131832565,307.4239617550932,248.6598447760599,251.4106173240976,246.81002391155016,2.429022517172444,1.4394737442589718,wet,1,0.0
2026-09-01,Dhanmondi 30 Road,525.0451419132634,278.2351180017132,1.0,339.8713529724485,1.2358679537332489,275.00620268191426,339.8713529724485,525.0451419132634,246.81002391155016,160.36590713491364,1.731982589384318,wet,1,28253.76005000004
2026-10-01,Dhanmondi 30 Road,329.6688145525014,-195.376327360762,1.0,367.17466012577165,1.1439681414472664,320.96580911881745,367.17466012577165,525.0451419132634,246.81002391155016,142.85906188086673,1.0999879689956988,transition,1,0.0
2026-11-01,Dhanmondi 30 Road,6.657839184547502,-323.01097536795385,1.0,287.1239318834374,1.4629087543323664,196.26920068194772,287.1239318834374,525.0451419132634,6.657839184547502,261.7993490988502,-0.7119798142017958,transition,0,0.0
2026-12-01,Dhanmondi 30 Road,97.3063937938903,90.6485546093428,1.0,144.54434917697972,1.8245960713350653,79.21991691630463,144.54434917697972,329.6688145525014,6.657839184547502,166.60609494739467,1.173320197621078,dry,0,0.0
2026-01-01,Dhanmondi 31 Road,22.951518722037022,0.0,0.0,22951.518722037024,800.0,28.68939840254628,22.951518722037022,22.951518722037022,22.951518722037022,0.0,0.0,dry,0,0.0
2026-02-01,Dhanmondi 31 Road,15.81773300572248,-7.133785716314547,1.0,19.38462586387975,0.947205022504092,20.46507926302303,19.38462586387975,22.951518722037022,15.81773300572248,5.044348255537748,0.0,dry,0,0.0
2026-03-01,Dhanmondi 31 Road,0.0,-15.81773300572248,1.0,12.923083909253169,1.420807533756138,9.09559078356579,12.923083909253169,22.951518722037022,0.0,11.746373821557526,-1.0415888064651644,transition,0,0.0
2026-04-01,Dhanmondi 31 Road,46.742006710967054,46.742006710967054,2.0,10.426623286114925,0.8965895367719504,11.629204734704548,20.85324657222985,46.742006710967054,0.0,23.774378971928627,0.9103610553877036,transition,0,0.0
2026-05-01,Dhanmondi 31 Road,396.9493692783432,350.2073625673761,1.0,147.8971253297701,2.147164758710515,68.88019409306534,147.8971253297701,396.9493692783432,0.0,216.9480789491041,1.6420377706872895,transition,0,0.0
2026-06-01,Dhanmondi 31 Road,203.34027577524975,-193.60909350309345,1.0,215.6772172548534,1.4723831263430702,146.4817229945624,215.6772172548534,396.9493692783432,46.742006710967054,175.42932848558357,0.3148942159961833,wet,0,0.0
2026-07-01,Dhanmondi 31 Road,382.9929839531928,179.65270817794303,1.0,327.76087633559524,0.9688755380844314,338.2899696111772,327.76087633559524,396.9493692783432,203.34027577524975,107.97712515011597,-1.699554175430106,wet,1,0.0
2026-08-01,Dhanmondi 31 Road,444.2999907886138,61.30700683542096,1.0,343.5444168390188,1.034626019835585,332.04695247623124,343.5444168390188,444.2999907886138,203.34027577524975,125.22994110975029,-1.2768772232305023,wet,1,28098.176000000043
2026-09-01,Dhanmondi 31 Road,176.25095467665625,-268.04903611195755,1.0,334.51464313948765,1.0625543602367142,314.8212041264082,334.51464313948765,444.2999907886138,176.25095467665625,140.4463726344497,-1.368214992333556,wet,1,0.0
2026-10-01,Dhanmondi 31 Road,293.5363919681716,117.28543729151528,1.0,304.6957791444806,1.1665405855929123,261.1960380183551,304.6957791444806,444.2999907886138,176.25095467665625,134.37250604848617,0.3711391246131481,transition,1,0.0
2026-11-01,Dhanmondi 31 Road,0.0,-293.5363919681716,1.0,156.5957822149426,1.4995877299697125,104.4258892529785,156.5957822149426,293.5363919681716,0.0,147.75198037859852,-0.5880330805787112,transition,0,0.0
2026-12-01,Dhanmondi 31 Road,0.0,0.0,1.0,97.84546398939052,2.4000000000000004,40.76894332891271,97.84546398939052,293.5363919681716,0.0,169.4733149197752,1.7320508075688776,dry,0,0.0
2026-01-01,Dhanmondi 32 Road,8.325739699122932,0.0,0.0,8325.739699122933,800.0,10.407174623903666,8.325739699122932,8.325739699122932,8.325739699122932,0.0,0.0,dry,0,0.0
2026-02-01,Dhanmondi 32 Road,0.0,-8.325739699122932,0.0,4162.869849561466,1600.0,2.6017936559759165,4.162869849561466,8.325739699122932,0.0,5.887186999643872,0.0,dry,0,0.0
2026-03-01,Dhanmondi 32 Road,45.46924673067551,45.46924673067551,2.0,8.965831071633074,1.0142784615814435,8.839614968904812,17.93166214326615,45.46924673067551,0.0,24.208849808818517,1.5044422215307451,transition,0,0.0
2026-04-01,Dhanmondi 32 Road,50.61702100933387,5.1477742786583605,1.0,32.02875591333646,1.264289406589344,25.333405268133973,32.02875591333646,50.61702100933387,0.0,27.85688064057188,-1.665747305774414,transition,0,0.0
2026-05-01,Dhanmondi 32 Road,214.18856600124397,163.57154499191006,1.0,103.42494458041776,1.6567652368211985,62.425829732435176,103.42494458041776,214.18856600124397,45.46924673067551,95.95863571194666,1.7264447987309568,transition,0,0.0
2026-06-01,Dhanmondi 32 Road,373.2941892572627,159.10562325601876,1.0,212.69992542261352,1.4040218905223003,151.49331136389085,212.69992542261352,373.2941892572627,50.61702100933387,161.3437348185693,-0.0415157882942725,wet,1,0.0
2026-07-01,Dhanmondi 32 Road,469.42073072408033,96.12654146681764,1.0,352.30116199419564,1.0659532953384112,330.5033752743825,352.30116199419564,469.42073072408033,214.18856600124397,128.90459601010042,-0.7134197535432187,wet,1,28098.176000000043
2026-08-01,Dhanmondi 32 Road,465.96443176350215,-3.456298960578181,1.0,436.2264505816151,0.8608753184924165,506.72430863222365,436.2264505816151,469.42073072408033,373.2941892572627,54.52832875830397,-1.7242253536356822,wet,1,28654.398100000086
2026-09-01,Dhanmondi 32 Road,187.61402860773563,-278.3504031557665,1.0,374.3330636984394,1.0032151070731878,373.13339986528985,374.3330636984394,469.42073072408033,187.61402860773563,161.71266199506096,-1.731160731689066,wet,0,0.0
2026-10-01,Dhanmondi 32 Road,274.1140891587052,86.50006055096952,1.0,309.2308498433143,1.2054798077219115,256.5209702082789,309.2308498433143,465.96443176350215,187.61402860773563,142.4592113377704,1.041864070359113,transition,1,0.0
2026-11-01,Dhanmondi 32 Road,36.974341967283294,-237.13974719142183,1.0,166.23415324457469,1.3191709828986125,126.01410688954712,166.23415324457469,274.1140891587052,36.974341967283294,120.006829919847,-0.7762542469071537,transition,0,0.0
2026-12-01,Dhanmondi 32 Road,100.73185678223656,63.75751481495325,1.0,137.27342930274168,1.5974779128110874,85.93134728303139,137.27342930274168,274.1140891587052,36.974341967283294,122.72033171486444,1.221131195105058,dry,0,0.0
2026-01-01,Dhanmondi 33 Road,3.423009706433131,0.0,0.0,3423.009706433131,800.0,4.278762133041414,3.423009706433131,3.423009706433131,3.423009706433131,0.0,0.0,dry,0,0.0
2026-02-01,Dhanmondi 33 Road,0.0,-3.423009706433131,0.0,1711.5048532165656,1600.0,1.0696905332603537,1.7115048532165655,3.423009706433131,0.0,2.4204333754862404,0.0,dry,0,0.0
2026-03-01,Dhanmondi 33 Road,89.75210763188531,89.75210763188531,2.0,15.529186223053074,1.1559151438167228,13.434538258385617,31.058372446106148,89.75210763188531,0.0,50.8590715743648,1.7232283916339772,transition,0,0.0
2026-04-01,Dhanmondi 33 Road,9.77440136968049,-79.97770626220482,1.0,33.175503000521935,2.164298340989092,15.328525819301149,33.175503000521935,89.75210763188531,0.0,49.23991139557532,1.6555847783473836,transition,0,0.0
2026-05-01,Dhanmondi 33 Road,236.4599860954836,226.6855847258031,1.0,111.99549836568312,1.6890677896599315,66.30610035387137,111.99549836568312,236.4599860954836,9.77440136968049,114.96810385546992,0.838045101405492,transition,0,0.0
2026-06-01,Dhanmondi 33 Road,311.3415843121951,74.8815982167115,1.0,185.85865725911967,1.340121956775487,138.68786815964165,185.85865725911967,311.3415843121951,9.77440136968049,157.02248984452956,-1.2995530839996745,wet,0,0.0
2026-07-01,Dhanmondi 33 Road,529.8094215960585,218.46783728386345,1.0,359.2036640012457,1.1799644039137,304.4190679056426,359.2036640012457,529.8094215960585,236.4599860954836,152.41901728868112,1.2737360002621323,wet,1,28193.95785000005
2026-08-01,Dhanmondi 33 Road,138.5842721079235,-391.225149488135,1.0,326.5784260053924,1.2978430402192227,251.63168109313816,326.5784260053924,529.8094215960585,138.5842721079235,196.0571355666278,0.3476112298942089,wet,1,0.0
2026-09-01,Dhanmondi 33 Road,447.0193603966125,308.43508828868903,1.0,371.80435136686486,1.139974655268707,326.1514189359112,371.80435136686486,529.8094215960585,138.5842721079235,206.17287063411655,-1.4231786962515731,wet,1,25995.289250000053
2026-10-01,Dhanmondi 33 Road,298.9626616285105,-148.05669876810202,1.0,294.8554313776822,1.212850265794216,243.10950798580296,294.8554313776822,447.0193603966125,138.5842721079235,154.25855868366864,-0.1197303642432442,transition,1,0.0
2026-11-01,Dhanmondi 33 Road,11.977498806135674,-286.98516282237483,1.0,252.65317361041957,1.41544031767722,178.49793485113594,252.65317361041957,447.0193603966125,11.977498806135674,221.1872099475921,-0.9008559982160816,transition,0,0.0
2026-12-01,Dhanmondi 33 Road,70.24159295691506,58.264094150779385,1.0,127.06058446385371,1.8823314115231984,67.50170755586298,127.06058446385371,298.9626616285105,11.977498806135674,151.6951524174238,1.449050593879515,dry,0,0.0
2026-01-01,Dhanmondi 34 Road,7.136964333253894,0.0,0.0,7136.9643332538935,800.0,8.921205416567368,7.136964333253894,7.136964333253894,7.136964333253894,0.0,0.0,dry,0,0.0
2026-02-01,Dhanmondi 34 Road,3.191655186418375,-3.945309146835519,1.0,5.164309759836135,1.105582688127577,4.671120319894342,5.164309759836135,7.136964333253894,3.191655186418375,2.789754851604708,0.0,dry,0,0.0
2026-03-01,Dhanmondi 34 Road,36.86258613470129,33.67093094828292,1.0,15.730401884791188,1.8747180856372951,8.390809266366983,15.730401884791188,36.86258613470129,3.191655186418375,18.407016989320606,1.6429627509152929,transition,0,0.0
2026-04-01,Dhanmondi 34 Road,50.607980784125694,13.745394649424403,1.0,30.22074070174845,1.3396886934991032,22.558032211808527,30.22074070174845,50.607980784125694,3.191655186418375,24.39595389328681,-1.1343253980622805,transition,0,0.0
2026-05-01,Dhanmondi 34 Road,288.506328188585,237.8983474044593,1.0,125.32563170247066,1.8416429218470711,68.05099415079641,125.32563170247066,288.506328188585,36.86258613470129,141.48564855767924,1.7136780063526085,transition,0,0.0
2026-06-01,Dhanmondi 34 Road,379.79356235161066,91.28723416302569,1.0,239.63595710810716,1.2679017520906486,189.00199223872855,239.63595710810716,379.79356235161066,50.607980784125694,169.94711428894146,-1.1870240548795683,wet,0,0.0
2026-07-01,Dhanmondi 34 Road,551.1143960417327,171.32083369012202,1.0,406.4714288606428,1.0846802149642458,374.7384927400389,406.4714288606428,551.1143960417327,288.506328188585,133.32115640998677,0.8644049749841471,wet,1,28195.502000000048
2026-08-01,Dhanmondi 34 Road,165.97449088778006,-385.1399051539526,1.0,365.6274830937078,1.2058489506938643,303.21167745207225,365.6274830937078,551.1143960417327,165.97449088778006,192.96034563260608,-0.3285844997201444,wet,1,0.0
2026-09-01,Dhanmondi 34 Road,572.6644382399722,406.6899473521922,1.0,429.917775056495,1.0656259805302897,403.44152912127214,429.917775056495,572.6644382399722,165.97449088778006,228.83540814963868,-1.7147860153769894,wet,1,28164.385150000042
2026-10-01,Dhanmondi 34 Road,146.32040575583687,-426.34403248413537,1.0,294.9864449611964,1.5530596690713776,189.938899860543,294.9864449611964,572.6644382399722,146.32040575583687,240.67690318991836,1.7190656243651294,transition,0,0.0
2026-11-01,Dhanmondi 34 Road,27.77648621148892,-118.54391954434796,1.0,248.92044340243265,1.8404737848361896,135.24802442355224,248.92044340243265,572.6644382399722,27.77648621148892,286.56726236655305,1.4046143711802437,transition,0,0.0
2026-12-01,Dhanmondi 34 Road,77.73668022219042,49.9601940107015,1.0,83.94452406317207,1.3944486065175532,60.199080604922514,83.94452406317207,146.32040575583687,27.77648621148892,59.51527710680435,0.4642734700430275,dry,0,0.0
2026-01-01,Dhanmondi 35 Road,7.8107322860688,0.0,0.0,7810.7322860688,800.0,9.763415357586,7.8107322860688,7.8107322860688,7.8107322860688,0.0,0.0,dry,0,0.0
2026-02-01,Dhanmondi 35 Road,3.0177893804081224,-4.792942905660678,1.0,5.414260833238462,1.1540976730368455,4.691336755745809,5.414260833238462,7.8107322860688,3.0177893804081224,3.3891224304326206,0.0,dry,0,0.0
2026-03-01,Dhanmondi 35 Road,27.455701207388888,24.437911826980766,1.0,12.761407624621938,1.7211707056149943,7.414376495597011,12.761407624621938,27.455701207388888,3.0177893804081224,12.94931555514191,1.4689448484864631,transition,0,0.0
2026-04-01,Dhanmondi 35 Road,46.39938340624755,18.943682198858664,1.0,25.62429133134819,1.4486061778257593,17.68892865679213,25.62429133134819,46.39938340624755,3.0177893804081224,21.748706206490336,-0.3762479214327271,transition,0,0.0
2026-05-01,Dhanmondi 35 Road,222.4207705676176,176.02138716137006,1.0,98.75861839375136,1.8017325408974376,54.81314021478458,98.75861839375136,222.4207705676176,27.455701207388888,107.51261174400508,1.6717512976186188,transition,0,0.0
2026-06-01,Dhanmondi 35 Road,403.9430332633963,181.52226269577864,1.0,224.25439574575384,1.4410171338495863,155.62229655567828,224.25439574575384,403.9430332633963,46.39938340624755,178.77887745554074,0.0461488819870108,wet,1,25992.631200000058
2026-07-01,Dhanmondi 35 Road,370.216206937517,-33.726826325879244,1.0,332.1933369228436,0.9727902118812636,341.4850734162098,332.1933369228436,403.9430332633963,222.4207705676176,96.54991945446342,-1.4973231741018518,wet,1,0.0
2026-08-01,Dhanmondi 35 Road,241.33598645369236,-128.8802204838247,1.0,338.4984088848685,0.9546704449078508,354.5709524060336,338.4984088848685,403.9430332633963,241.33598645369236,85.81827866500672,-1.4359802244226771,wet,1,0.0
2026-09-01,Dhanmondi 35 Road,412.87507642368894,171.5390899699966,1.0,341.47575660496614,0.9672723604828452,353.02958148675674,341.47575660496614,412.87507642368894,241.33598645369236,89.30803413423682,-1.298180729951374,wet,1,28094.730150000047
2026-10-01,Dhanmondi 35 Road,322.07044970153663,-90.8046267221523,1.0,325.4271708596393,1.0149738273741549,320.6261699393313,325.4271708596393,412.87507642368894,241.33598645369236,85.81879473421647,0.1757439684591001,transition,1,0.0
2026-11-01,Dhanmondi 35 Road,46.1445909521308,-275.92585874940585,1.0,260.3633723591188,1.268611856368832,205.2348565497102,260.3633723591188,412.87507642368894,46.1445909521308,190.9938082482218,-1.3021180055974253,transition,0,0.0
2026-12-01,Dhanmondi 35 Road,80.18993397863505,34.045343026504256,1.0,149.46832487743416,1.7238191434373182,86.70766039840602,149.46832487743416,322.07044970153663,46.1445909521308,150.4439811550942,1.632796584949083,dry,0,0.0
2026-01-01,Dhanmondi 4 Road,5.205385120499672,0.0,0.0,5205.385120499672,800.0,6.50673140062459,5.205385120499672,5.205385120499672,5.205385120499672,0.0,0.0,dry,0,0.0
2026-02-01,Dhanmondi 4 Road,19.933246783417143,14.727861662917473,1.0,12.569315951958409,1.2686925436263774,9.907298671458102,12.569315951958409,19.933246783417143,5.205385120499672,10.414170854226326,0.0,dry,0,0.0
2026-03-01,Dhanmondi 4 Road,0.0,-19.933246783417143,1.0,8.379543967972271,1.9030388154395663,4.403243853981377,8.379543967972271,19.933246783417143,0.0,10.33876419713178,1.2513444058372751,transition,0,0.0
2026-04-01,Dhanmondi 4 Road,97.7879614776066,97.7879614776066,2.0,19.62020137683729,0.9968089480778786,19.683010886559984,39.24040275367458,97.7879614776066,0.0,51.67393981719756,1.4466329095019868,transition,0,0.0
2026-05-01,Dhanmondi 4 Road,286.0175708118831,188.2296093342765,1.0,127.93517742982992,1.788515568949023,71.5314865863918,127.93517742982992,286.0175708118831,0.0,145.37246532798133,0.8930725427409907,transition,0,0.0
2026-06-01,Dhanmondi 4 Road,255.9828264692641,-30.034744342619007,1.0,213.26278625291795,1.0729206940874607,198.76845271802867,213.26278625291795,286.0175708118831,97.7879614776066,101.125406474329,-1.5617524529804936,wet,1,0.0
2026-07-01,Dhanmondi 4 Road,331.1730461134926,75.1902196442285,1.0,291.0578144648799,0.9102605177527796,319.75221245829005,291.0578144648799,331.1730461134926,255.9828264692641,37.84765943355033,0.5886454606302651,wet,1,0.0
2026-08-01,Dhanmondi 4 Road,62.28220502962313,-268.8908410838695,1.0,216.47935920412655,1.2238507997474883,176.88378293235726,216.47935920412655,331.1730461134926,62.28220502962313,138.72982393549532,-1.1774815110383925,wet,0,0.0
2026-09-01,Dhanmondi 4 Road,267.8751872000836,205.5929821704604,1.0,220.44347944773304,1.201842928421073,183.42120607835312,220.44347944773304,331.1730461134926,62.28220502962313,140.580568642775,-1.3454548986618462,wet,0,0.0
2026-10-01,Dhanmondi 4 Road,325.9452372420139,58.07005004193036,1.0,218.70087649057348,1.192296043700814,183.42833363074772,218.70087649057348,325.9452372420139,62.28220502962313,138.53928419107206,-1.3960309104842867,transition,0,0.0
2026-11-01,Dhanmondi 4 Road,58.80764112752642,-267.13759611448745,1.0,217.5426885232079,1.198643776831843,181.4906920037569,217.5426885232079,325.9452372420139,58.80764112752642,140.50140259709158,-1.4051780095390614,transition,0,0.0
2026-12-01,Dhanmondi 4 Road,12.022996225615334,-46.78464490191109,1.0,132.25862486505184,1.9715628380354768,67.08313948382099,132.25862486505184,325.9452372420139,12.022996225615334,169.3607941945158,1.5845438692561449,dry,0,0.0
2026-01-01,Dhanmondi 6 Road,7.637142146155918,0.0,0.0,7637.142146155918,800.0,9.546427682694896,7.637142146155918,7.637142146155918,7.637142146155918,0.0,0.0,dry,0,0.0
2026-02-01,Dhanmondi 6 Road,13.87943146350462,6.2422893173487015,1.0,10.75828680483027,1.0320923184366504,10.423764049640692,10.75828680483027,13.87943146350462,7.637142146155918,4.413965106425611,0.0,dry,0,0.0
2026-03-01,Dhanmondi 6 Road,0.0,-13.87943146350462,1.0,7.17219120322018,1.5481384776549756,4.63278402206253,7.17219120322018,13.87943146350462,0.0,6.951387557317829,-0.2996407409994099,transition,0,0.0
2026-04-01,Dhanmondi 6 Road,14.061061466354944,14.061061466354944,2.0,4.65674882164326,0.6039003607410852,7.711121112642925,9.31349764328652,14.061061466354944,0.0,8.066236800894922,-1.7310628837518447,transition,0,0.0
2026-05-01,Dhanmondi 6 Road,326.90671178700967,312.8456503206547,1.0,113.6559244177882,2.3010271639537745,49.39356049256594,113.6559244177882,326.90671178700967,0.0,184.8143719995413,1.7207784216513458,transition,0,0.0
2026-06-01,Dhanmondi 6 Road,332.7566186987344,5.849906911724702,1.0,224.57479731736635,1.185374753262226,189.45468232668392,224.57479731736635,332.7566186987344,14.061061466354944,182.33370530206696,-1.7300452710565088,wet,0,0.0
2026-07-01,Dhanmondi 6 Road,354.5370116356786,21.780392936944224,1.0,338.0667807071409,0.8389750945516425,402.9521053754372,338.0667807071409,354.5370116356786,326.90671178700967,14.560450983690702,1.4228606538711757,wet,1,0.0
2026-08-01,Dhanmondi 6 Road,385.08109562211087,30.54408398643227,1.0,357.458241985508,0.861820599761631,414.7710580187763,357.458241985508,385.08109562211087,332.7566186987344,26.284271178668583,0.4939517593412272,wet,1,0.0
2026-09-01,Dhanmondi 6 Road,208.23720464153757,-176.84389098057332,1.0,315.951770633109,0.9750376643890414,324.0405803514107,315.951770633109,385.08109562211087,208.23720464153757,94.52542547752424,-1.5308215257923632,wet,1,0.0
2026-10-01,Dhanmondi 6 Road,316.2328906885786,107.99568604704106,1.0,303.183730317409,1.0160996309899926,298.379923651793,303.183730317409,385.08109562211087,208.23720464153757,89.14118511710278,-0.6446275750062893,transition,1,0.0
2026-11-01,Dhanmondi 6 Road,36.24713775363261,-279.985752934946,1.0,186.9057443612496,1.3535502261604833,138.08556250729717,186.9057443612496,316.2328906885786,36.24713775363261,141.206511393435,-0.664282132180226,transition,0,0.0
2026-12-01,Dhanmondi 6 Road,0.3788931841996472,-35.86824456943297,1.0,117.61964054213696,2.1508849320129584,54.68430169904986,117.61964054213696,316.2328906885786,0.3788931841996472,172.93654932495602,1.6486050164625643,dry,0,0.0
2026-01-01,Dhanmondi 8 Road,7.935140526621885,0.0,0.0,7935.140526621885,800.0,9.918925658277356,7.935140526621885,7.935140526621885,7.935140526621885,0.0,0.0,dry,0,0.0
2026-02-01,Dhanmondi 8 Road,9.852161190607578,1.917020663985693,1.0,8.893650858614732,0.8862197401027405,10.035491714034356,8.893650858614732,9.852161190607578,7.935140526621885,1.3555383111790211,0.0,dry,0,0.0
2026-03-01,Dhanmondi 8 Road,34.67307479806086,24.82091360745328,1.0,17.48679217176344,1.5862520447426025,11.023968246232258,17.48679217176344,34.67307479806086,7.935140526621885,14.91458933191814,1.6999145434818266,transition,0,0.0
2026-04-01,Dhanmondi 8 Road,56.49861762206088,21.825542824000017,1.0,33.674617870243104,1.3422244098451712,25.08866447610467,33.674617870243104,56.49861762206088,9.852161190607578,23.339251521426263,-0.1921584006078276,transition,0,0.0
2026-05-01,Dhanmondi 8 Road,144.75900346116185,88.26038583910095,1.0,78.64356529376118,1.4725578925160516,53.40609404455312,78.64356529376118,144.75900346116185,34.67307479806086,58.2883088872983,1.4628742548293248,transition,0,0.0
2026-06-01,Dhanmondi 8 Road,240.31381070865928,95.55480724749744,1.0,147.19047726396067,1.3061378163898365,112.6913832652017,147.19047726396067,240.31381070865928,56.49861762206088,91.9317156970658,0.1189358644349276,wet,0,0.0
2026-07-01,Dhanmondi 8 Road,267.2221033476636,26.908292639004344,1.0,217.4316391724949,0.9831949181440646,221.1480502593844,217.4316391724949,267.2221033476636,144.75900346116185,64.3583564046711,-1.3976936881366118,wet,1,0.0
2026-08-01,Dhanmondi 8 Road,226.21023460860863,-41.01186873905499,1.0,244.5820495549772,0.8740530348286166,279.82518200733045,244.5820495549772,267.2221033476636,226.21023460860863,20.836428232887837,0.8831224414215558,wet,1,0.0
2026-09-01,Dhanmondi 8 Road,275.439024111611,49.22878950300236,1.0,256.2904540226277,0.8597714656583898,298.09136992743464,256.2904540226277,275.439024111611,226.21023460860863,26.37222301412796,-1.5448109349776724,wet,1,0.0
2026-10-01,Dhanmondi 8 Road,329.59640657903765,54.15738246742666,1.0,277.0818884330858,0.9516216550794412,291.1681201810767,277.0818884330858,329.59640657903765,226.21023460860863,51.7126618059723,0.1428166280479566,transition,1,0.0
2026-11-01,Dhanmondi 8 Road,66.58203520290216,-263.0143713761355,1.0,223.8724886311836,1.1778004831027822,190.0767505557621,223.8724886311836,329.59640657903765,66.58203520290216,138.88293838224538,-1.4404871618350692,transition,0,0.0
2026-12-01,Dhanmondi 8 Road,53.16714403993089,-13.414891162971273,1.0,149.78186194062357,1.7604075810444717,85.08362696992938,149.78186194062357,329.59640657903765,53.16714403993089,155.86835045598175,1.717628451746504,dry,0,0.0
2026-01-01,Dhanmondi 9/A Road,1.5595180530789556,0.0,0.0,1559.5180530789555,800.0,1.9493975663486944,1.5595180530789556,1.5595180530789556,1.5595180530789556,0.0,0.0,dry,0,0.0
2026-02-01,Dhanmondi 9/A Road,6.397570282420251,4.838052229341296,1.0,3.978544167749603,1.286414328995911,3.092739312733704,3.978544167749603,6.397570282420251,1.5595180530789556,3.421019539101924,0.0,dry,0,0.0
2026-03-01,Dhanmondi 9/A Road,0.0,-6.397570282420251,1.0,2.6523627784997355,1.9296214934938665,1.3745508056594242,2.6523627784997355,6.397570282420251,0.0,3.3358594956977274,1.3160019518370805,transition,0,0.0
2026-04-01,Dhanmondi 9/A Road,18.916954356077557,18.916954356077557,2.0,4.219087439749634,0.8967320363097339,4.704958972038274,8.438174879499268,18.916954356077557,0.0,9.622153650233162,0.9114098844603732,transition,0,0.0
2026-05-01,Dhanmondi 9/A Road,354.2276843726256,335.31073001654806,1.0,124.38154624290104,2.278329511555451,54.593308655333104,124.38154624290104,354.2276843726256,0.0,199.2771893629293,1.7145082732421049,transition,0,0.0
2026-06-01,Dhanmondi 9/A Road,469.20651623915774,114.97883186653212,1.0,280.7837183226203,1.3368482162488915,210.0341047770412,280.7837183226203,469.20651623915774,18.916954356077557,233.95658677857276,-1.2734345670515463,wet,0,0.0
2026-07-01,Dhanmondi 9/A Road,307.0674099602922,-162.13910627886554,1.0,376.8338701906919,0.9961026401405412,378.3082736709984,376.8338701906919,469.20651623915774,307.0674099602922,83.39995308246894,1.1301405575083046,wet,1,0.0
2026-08-01,Dhanmondi 9/A Road,475.95712487198807,168.88971491169588,1.0,417.410350357146,0.9122095309131614,457.5816588314969,417.410350357146,475.95712487198807,307.0674099602922,95.61938114627252,-1.7223438853458768,wet,1,29095.87520000007
2026-09-01,Dhanmondi 9/A Road,343.1827092328367,-132.77441563915136,1.0,375.4024146883724,1.014286762682841,370.11467417302543,375.4024146883724,475.95712487198807,307.0674099602922,88.93545983166435,1.4162987193625902,wet,1,0.0
2026-10-01,Dhanmondi 9/A Road,247.98499830089855,-95.19771093193812,1.0,355.7082774685744,1.0704437428539453,332.2998334505734,355.7082774685744,475.95712487198807,247.98499830089855,114.50104810899028,0.4863759052875549,transition,1,0.0
2026-11-01,Dhanmondi 9/A Road,37.548096726598985,-210.4369015742996,1.0,209.5719347534448,1.3100330810481131,159.97453635733638,209.5719347534448,343.1827092328367,37.548096726598985,156.3962968832225,-1.0385853104951492,transition,0,0.0
2026-12-01,Dhanmondi 9/A Road,134.13489739954767,96.58680067294868,1.0,139.8893308090151,1.418178194815797,98.64016476941032,139.8893308090151,247.98499830089855,37.548096726598985,105.33640165653026,0.2450973321829835,dry,0,0.0
2026-01-01,Jigatola Road,0.0,0.0,0.0,0.0,0.0,0.0,0.0,0.0,0.0,0.0,0.0,dry,0,0.0
2026-02-01,Jigatola Road,3.501265723194384,3.501265723194384,0.0,1750.6328615971918,1600.0,1.0941455384982448,1.7506328615971918,3.501265723194384,0.0,2.47576873560677,0.0,dry,0,0.0
2026-03-01,Jigatola Road,59.79359273820568,56.29232701501129,1.0,21.09828615380002,2.267239805255413,9.305714421956887,21.09828615380002,59.79359273820568,0.0,33.556814198638776,1.7108618905771336,transition,0,0.0
2026-04-01,Jigatola Road,89.52093543388932,29.72734269568365,1.0,50.938597965096456,1.4059426683903595,36.23092115371618,50.938597965096456,89.52093543388932,3.501265723194384,43.6881459163479,-0.8746187300060231,transition,0,0.0
2026-05-01,Jigatola Road,275.8681481508208,186.34721271693147,1.0,141.7275587743053,1.5571743451257964,91.01585780547636,141.7275587743053,275.8681481508208,59.79359273820568,117.11619023280198,1.6073538569288164,transition,0,0.0
2026-06-01,Jigatola Road,309.6137394307214,33.74559127990062,1.0,225.0009410051438,1.1008442473087907,204.3894416082916,225.0009410051438,309.6137394307214,89.52093543388932,118.53613442700872,-1.5754672899071116,wet,1,0.0
2026-07-01,Jigatola Road,505.72770472611626,196.11396529539485,1.0,363.73653076921954,1.1122945581663033,327.01457370147085,363.73653076921954,505.72770472611626,275.8681481508208,124.1201488234316,1.589131440294658,wet,1,28250.68600000004
2026-08-01,Jigatola Road,255.35124806888268,-250.3764566572336,1.0,356.8975640752401,1.1336086443436757,314.8331356293359,356.8975640752401,505.72770472611626,255.35124806888268,131.71527081860356,1.4072517221607992,wet,1,0.0
2026-09-01,Jigatola Road,367.2089350123776,111.85768694349493,1.0,376.0959626024589,1.0757418425375245,349.61544464543755,376.0959626024589,505.72770472611626,255.35124806888268,125.42458673082416,0.3172491686586396,wet,1,0.0
2026-10-01,Jigatola Road,282.4387889230325,-84.77014608934508,1.0,301.6663240014309,0.9738148564720424,309.7779028493303,301.6663240014309,367.2089350123776,255.35124806888268,58.355026441434426,1.32174426380301,transition,1,0.0
2026-11-01,Jigatola Road,26.52174084981095,-255.9170480732216,1.0,225.3898215950737,1.3033736214480542,172.92802147143698,225.3898215950737,367.2089350123776,26.52174084981095,177.36369293482954,-1.297675129958316,transition,0,0.0
2026-12-01,Jigatola Road,108.04986026297348,81.52811941316251,1.0,139.0034633452723,1.6255064852390306,85.51393956747694,139.0034633452723,282.4387889230325,26.52174084981095,130.73629194474012,1.0057112681490648,dry,0,0.0
2026-01-01,Kalabagan Road,0.0,0.0,0.0,0.0,0.0,0.0,0.0,0.0,0.0,0.0,0.0,dry,0,0.0
2026-02-01,Kalabagan Road,0.0,0.0,0.0,0.0,0.0,0.0,0.0,0.0,0.0,0.0,0.0,dry,0,0.0
2026-03-01,Kalabagan Road,73.6984951820465,73.6984951820465,0.0,24566.165060682168,2400.0,10.23590210861757,24.566165060682167,73.6984951820465,0.0,42.549846032224885,1.7320508075688774,transition,0,0.0
2026-04-01,Kalabagan Road,96.60614020305238,22.90764502100588,1.0,56.76821179503296,1.3614117781529995,41.6980466204349,56.76821179503296,96.60614020305238,0.0,50.4793269854739,-1.339485553755247,transition,0,0.0
2026-05-01,Kalabagan Road,336.51359564668235,239.90745544363,1.0,168.93941034392708,1.593535078459703,106.01549512623367,168.93941034392708,336.51359564668235,73.6984951820465,145.57479429837338,1.6839249613581904,transition,1,0.0
2026-06-01,Kalabagan Road,375.4414650839951,38.92786943731272,1.0,269.5204003112433,1.1143986567263442,241.8527684724477,269.5204003112433,375.4414650839951,96.60614020305238,151.00778379376487,-1.6034608228314489,wet,1,0.0
2026-07-01,Kalabagan Road,315.86404939036765,-59.577415693627415,1.0,342.60637004034834,0.8766713007461707,390.8036794962286,342.60637004034834,375.4414650839951,315.86404939036765,30.25241378868625,0.869530628999956,wet,1,0.0
2026-08-01,Kalabagan Road,213.07472547886005,-102.7893239115076,1.0,301.4600799844076,0.9963281774579612,302.57106724970384,301.4600799844076,375.4414650839951,213.07472547886005,82.13613871790113,-0.7648823205707861,wet,1,0.0
2026-09-01,Kalabagan Road,306.153694126332,93.07896864747192,1.0,278.3641563318532,0.9077721889273958,306.6453893688485,278.3641563318532,315.86404939036765,213.07472547886005,56.75037520289425,-1.6751763677662816,wet,1,0.0
2026-10-01,Kalabagan Road,245.492563611341,-60.66113051499096,1.0,254.906994405511,0.9608326200395954,265.2980228700046,254.906994405511,306.153694126332,213.07472547886005,47.24825109464822,0.8610466691607122,transition,1,0.0
2026-11-01,Kalabagan Road,49.23418144353872,-196.2583821678023,1.0,200.29347972707055,1.222820411502208,163.7963169759445,200.29347972707055,306.153694126332,49.23418144353872,134.2912018237754,-1.343011392841819,transition,0,0.0
2026-12-01,Kalabagan Road,34.06713165070828,-15.16704979283044,1.0,109.59795890186268,1.791949894476867,61.16128539065996,109.59795890186268,245.492563611341,34.06713165070828,117.93225827445848,1.6998771437652525,dry,0,0.0
2026-01-01,Rabindra Sarobar Road,0.0,0.0,0.0,0.0,0.0,0.0,0.0,0.0,0.0,0.0,0.0,dry,0,0.0
2026-02-01,Rabindra Sarobar Road,6.182675017439281,6.182675017439281,0.0,3091.3375087196405,1600.0,1.9320859429497752,3.0913375087196404,6.182675017439281,0.0,4.371811430703971,0.0,dry,0,0.0
2026-03-01,Rabindra Sarobar Road,45.023265941993145,38.840590924553865,1.0,17.068646986477475,2.110220732910466,8.088559988194218,17.068646986477475,45.023265941993145,0.0,24.405980994499565,1.6078428270807472,transition,0,0.0
2026-04-01,Rabindra Sarobar Road,123.32600185973048,78.30273591773732,1.0,58.1773142730543,1.6958638039686995,34.30541658882418,58.1773142730543,123.32600185973048,6.182675017439281,59.66918380991887,0.9438128710404804,transition,0,0.0
2026-05-01,Rabindra Sarobar Road,358.47120172016093,235.14519986043047,1.0,175.60682317396152,1.6330627488889695,107.53219574289665,175.60682317396152,358.47120172016093,45.023265941993145,163.13296821570592,1.294038834962778,transition,0,0.0
2026-06-01,Rabindra Sarobar Road,273.897228518784,-84.57397320137693,1.0,251.8981440328918,1.1384639711306592,221.2614104798772,251.8981440328918,358.47120172016093,123.32600185973048,119.10619649293449,-0.8028018393876164,wet,1,0.0
2026-07-01,Rabindra Sarobar Road,314.8676480742938,40.97041955550981,1.0,315.74535943774623,0.9082539229928762,347.6399621785314,315.74535943774623,358.47120172016093,273.897228518784,42.29381773610606,0.0933469785733087,wet,1,0.0
2026-08-01,Rabindra Sarobar Road,198.5149989688308,-116.35264910546304,1.0,262.4266251873029,0.959864946171714,273.3995300421736,262.4266251873029,314.8676480742938,198.5149989688308,59.01835133291928,-0.8415667679355308,wet,1,0.0
2026-09-01,Rabindra Sarobar Road,293.9349858040133,95.41998683518251,1.0,269.10587761571264,0.9360409393181064,287.4937049353341,269.10587761571264,314.8676480742938,198.5149989688308,62.02296508983193,-1.5127510648998663,wet,1,0.0
2026-10-01,Rabindra Sarobar Road,275.71289434640835,-18.22209145760496,1.0,256.0542930397508,0.9183520645236962,278.81931443422354,256.0542930397508,293.9349858040133,198.5149989688308,50.656578308322345,-1.4833376400254152,transition,1,0.0
2026-11-01,Rabindra Sarobar Road,36.8116367995614,-238.90125754684692,1.0,202.153172316661,1.1632169109612844,173.7880273332695,202.153172316661,293.9349858040133,36.8116367995614,143.47954097932072,-1.7006747293617497,transition,0,0.0
2026-12-01,Rabindra Sarobar Road,0.0,-36.8116367995614,1.0,104.17484371532323,2.117308820542849,49.20153484677508,104.17484371532323,275.71289434640835,0.0,149.6921883790208,1.6149578191538234,dry,0,0.0
2026-01-01,Satmasjid Road,9.584721168488375,0.0,0.0,9584.721168488377,800.0,11.980901460610468,9.584721168488375,9.584721168488375,9.584721168488375,0.0,0.0,dry,0,0.0
2026-02-01,Satmasjid Road,6.764089182314624,-2.820631986173751,1.0,8.1744051754015,0.9380226169684676,8.714507547610964,8.1744051754015,9.584721168488375,6.764089182314624,1.99448800465514,0.0,dry,0,0.0
2026-03-01,Satmasjid Road,56.42226722082085,49.65817803850622,1.0,24.25702585720795,1.8608140190955864,13.03570674354529,24.25702585720795,56.42226722082085,6.764089182314624,27.89159470494583,1.7121442515266114,transition,0,0.0
2026-04-01,Satmasjid Road,125.18916570167562,68.76689848085476,1.0,62.7918407016037,1.5949736692267829,39.368575113872666,62.7918407016037,125.18916570167562,6.764089182314624,59.468927070357054,0.4764548171376653,transition,0,0.0
2026-05-01,Satmasjid Road,255.81803903420507,130.62887333252945,1.0,145.8098239855672,1.4035709366717397,103.88489828046966,145.8098239855672,255.81803903420507,56.42226722082085,101.28463415202508,0.8781860475679744,transition,0,0.0
2026-06-01,Satmasjid Road,264.3392237290518,8.521184694846738,1.0,215.1154761549775,0.9830598093783328,218.82236879464355,215.1154761549775,264.3392237290518,125.18916570167562,77.9949269565569,-1.7088213162616828,wet,1,0.0
2026-07-01,Satmasjid Road,550.1129069758987,285.7736832468469,1.0,356.7567232463852,1.233586634544744,289.20281174904795,356.7567232463852,550.1129069758987,255.81803903420507,167.50556106285532,1.727009565619415,wet,1,28253.76005000004
2026-08-01,Satmasjid Road,443.30431090886793,-106.80859606703076,1.0,419.25214720460616,1.0497032120528251,399.400651908749,419.25214720460616,550.1129069758987,264.3392237290518,144.3971240823713,-0.7287660313304432,wet,1,28076.446600000054
2026-09-01,Satmasjid Road,235.5136680940696,-207.7906428147984,1.0,409.643628659612,1.0743248394237963,381.3033205853459,409.643628659612,550.1129069758987,235.5136680940696,159.97797168163672,-0.9049190319880204,wet,1,0.0
2026-10-01,Satmasjid Road,340.3705644412944,104.85689634722482,1.0,339.7295144814106,1.0438994364927332,325.44276067704874,339.7295144814106,443.30431090886793,235.5136680940696,103.89680466277612,-0.0277642320979136,transition,1,0.0
2026-11-01,Satmasjid Road,21.84260684685264,-318.5279575944418,1.0,199.24227979407215,1.3666599871998495,145.78774652084445,199.24227979407215,340.3705644412944,21.84260684685264,162.33214453468076,-0.9552784749446572,transition,0,0.0
2026-12-01,Satmasjid Road,15.14306375693232,-6.699543089920319,1.0,125.78541168169312,2.1647697289578907,58.10567747648873,125.78541168169312,340.3705644412944,15.14306375693232,185.8663815972363,1.7295195109089505,dry,0,0.0
2026-01-01,Science Lab Road,0.0,0.0,0.0,0.0,0.0,0.0,0.0,0.0,0.0,0.0,0.0,dry,0,0.0
2026-02-01,Science Lab Road,5.347948975282526,5.347948975282526,0.0,2673.9744876412637,1600.0,1.6712340547757896,2.673974487641263,5.347948975282526,0.0,3.781570985861922,0.0,dry,0,0.0
2026-03-01,Science Lab Road,48.47646114142764,43.12851216614511,1.0,17.941470038903386,2.1615379803912926,8.300326064895483,17.941470038903386,48.47646114142764,0.0,26.57892775835742,1.653495961107608,transition,0,0.0
2026-04-01,Science Lab Road,43.63538867883968,-4.84107246258796,1.0,32.48659959851661,1.1937589465323086,27.2137014703725,32.48659959851661,48.47646114142764,5.347948975282526,23.627076922134904,-1.6506050923398168,transition,0,0.0
2026-05-01,Science Lab Road,200.5274904919548,156.89210181311512,1.0,97.5464467707407,1.6445703324345262,59.31424448496442,97.5464467707407,200.5274904919548,43.63538867883968,89.2170416460889,1.7263153583676434,transition,0,0.0
2026-06-01,Science Lab Road,325.8910096110717,125.36351911911692,1.0,190.01796292728872,1.3720429567420442,138.49272137841214,190.01796292728872,325.8910096110717,43.63538867883968,141.42099035922612,-0.3325651819586008,wet,0,0.0
2026-07-01,Science Lab Road,353.72359192494594,27.83258231387424,1.0,293.38069734265747,0.9645449618979132,304.1648745594803,293.38069734265747,353.72359192494594,200.5274904919548,81.60852698345431,-1.508169258594902,wet,1,0.0
2026-08-01,Science Lab Road,267.0554867127136,-86.66810521223232,1.0,315.5566960829104,0.8967607946611469,351.8850265997051,315.5566960829104,353.72359192494594,267.0554867127136,44.24860045632408,-0.993653434185226,wet,1,0.0
2026-09-01,Science Lab Road,235.31106476904623,-31.74442194366736,1.0,285.3633811355686,0.99164396081192,287.7679816674566,285.3633811355686,353.72359192494594,235.31106476904623,61.29246197951655,1.2242138491720775,wet,1,0.0
2026-10-01,Science Lab Road,316.21704090750177,80.90597613845551,1.0,272.8611974630872,0.927114720150797,294.3122264510112,272.8611974630872,316.21704090750177,235.31106476904623,40.76424845028847,0.6278974284693492,transition,1,0.0
2026-11-01,Science Lab Road,3.093306711505349,-313.1237341959964,1.0,184.8738041293511,1.368358453580599,135.10626813141667,184.8738041293511,316.21704090750177,3.093306711505349,162.5409369200223,-1.2619168244824202,transition,0,0.0
2026-12-01,Science Lab Road,0.0,-3.093306711505349,1.0,106.43678253966904,2.37675009230684,44.78248802185298,106.43678253966904,316.21704090750177,0.0,181.68161639873983,1.7314859694046465,dry,0,0.0
2026-01-01,Shankar Road,12.287798602250716,0.0,0.0,12287.798602250718,800.0000000000001,15.359748252813397,12.287798602250716,12.287798602250716,12.287798602250716,0.0,0.0,dry,0,0.0
2026-02-01,Shankar Road,14.124475824366463,1.836677222115746,1.0,13.20613721330859,0.8556310204096569,15.434383394591968,13.20613721330859,14.124475824366463,12.287798602250716,1.2987269186089148,0.0,dry,0,0.0
2026-03-01,Shankar Road,78.6864470004044,64.56197117603793,1.0,35.03290714234053,1.796857946860014,19.496759442536945,35.03290714234053,78.6864470004044,12.287798602250716,37.816226707714215,1.7274554881747912,transition,0,0.0
2026-04-01,Shankar Road,66.48753116781697,-12.198915832587431,1.0,53.09948466419595,1.1854946992125714,44.79099290740452,53.09948466419595,78.6864470004044,14.124475824366463,34.30002729475922,-1.4888511519647385,transition,0,0.0
2026-05-01,Shankar Road,341.95111672621704,275.46358555840004,1.0,162.37503163147946,1.6847472830788273,96.37945896238143,162.37503163147946,341.95111672621704,66.48753116781697,155.63701725597596,1.7200874879338803,transition,1,0.0
2026-06-01,Shankar Road,254.53242567144537,-87.41869105477167,1.0,220.9903578551598,1.2378861052402537,178.5223672191305,220.9903578551598,341.95111672621704,66.48753116781697,140.76167616655013,-1.0114163957442317,wet,1,0.0
2026-07-01,Shankar Road,365.381103334587,110.84867766314164,1.0,320.6215485774165,0.9116819626273198,351.6813556927649,320.6215485774165,365.381103334587,254.53242567144537,58.42148742524032,-1.4239426303917122,wet,1,0.0
2026-08-01,Shankar Road,319.1676412377321,-46.213462096854926,1.0,313.0270567479215,0.9338006934750714,335.2182740227083,313.0270567479215,365.381103334587,254.53242567144537,55.67887766760519,-0.4902493978245238,wet,1,0.0
2026-09-01,Shankar Road,308.8990074087531,-10.268633828978976,1.0,331.1492506603574,0.8826983062313241,375.1556430126137,331.1492506603574,365.381103334587,308.8990074087531,30.086974146813606,1.5078470866039857,wet,1,0.0
2026-10-01,Shankar Road,344.4619045086904,35.56289709993729,1.0,324.17618438505855,0.8500609757304968,381.3563892948725,324.17618438505855,344.4619045086904,308.8990074087531,18.30284242622312,1.139204914774787,transition,1,0.0
2026-11-01,Shankar Road,15.086708528160507,-329.3751959805299,1.0,222.815873481868,1.236758940468293,180.16111805708863,222.815873481868,344.4619045086904,15.086708528160507,180.775369981114,-1.65694550438363,transition,0,0.0
2026-12-01,Shankar Road,167.05450819025054,151.96779966209004,1.0,175.53437374236714,1.56988923440948,111.81322216557211,175.53437374236714,344.4619045086904,15.086708528160507,164.85125423132095,0.2308652401226361,dry,0,0.0
